Date,Strategy_Return,Benchmark_Return,Regime,Strategy_Equity,Benchmark_Equity
2020-03-26,0.0,0.0605438310742465,Crisis,1.0,1.0605438310742465
2020-03-27,0.0,-0.0342678455416263,Crisis,1.0,1.0242012788808696
2020-03-30,0.0,0.0329665905699747,Crisis,1.0,1.0579657031029799
2020-03-31,-0.0161423107884158,-0.0161423107884158,Trend Market,0.9838576892115842,1.0408876919200067
2020-04-01,-0.02257318136639345,-0.0451463627327869,Range Market,0.9616488911542904,0.9938953986164928
2020-04-02,0.01128632852848015,0.0225726570569603,Range Market,0.9725023764689064,1.0163302585999536
2020-04-03,-0.0076264304129721,-0.0152528608259442,Range Market,0.9650856547683163,1.0008283146123327
2020-04-06,0.03398412207241515,0.0679682441448303,Range Market,0.9978832434702994,1.0688528578469627
2020-04-07,-0.0008021695241812,-0.0016043390483624,Range Market,0.9970827719436964,1.067138055470165
2020-04-08,0.0,0.0334893711912846,Crisis,0.9970827719436964,1.1028758379221513
2020-04-09,0.00719173515184965,0.0143834703036993,Range Market,1.0042535271639874,1.118739019785572
2020-04-10,0.0,0.0,Range Market,1.0042535271639874,1.118739019785572
2020-04-13,-0.00507802972233855,-0.0101560594446771,Range Market,0.9991538979042854,1.10737703979755
2020-04-14,0.01505727978615375,0.0301145595723075,Range Market,1.0141984376944564,1.140725211631539
2020-04-15,-0.0111383663361846,-0.0222767326723692,Range Market,1.0029019239578294,1.1153135810393915
2020-04-16,0.0057998378395412,0.0057998378395412,Trend Market,1.0087185924857487,1.121782218949658
2020-04-17,0.01322046601066025,0.0264409320213205,Range Market,1.0220543223520275,1.151443186343632
2020-04-22,0.01133565029106835,0.0226713005821367,Range Market,1.0336399727286851,1.1775479009244818
2020-04-23,-0.00026978383009775,-0.0005395676601955,Range Market,1.0333611133779002,1.1769125341588118
2020-04-24,0.0069110452834196,0.0138220905668392,Range Market,1.0405027188265796,1.1931799257952032
2020-04-27,0.00730343409086795,0.0146068681817359,Range Market,1.0481019618548986,1.2106085476883872
2020-04-28,-0.0026280850952418,-0.0052561701904836,Range Market,1.045347460710654,1.204245383127683
2020-04-29,0.0131183520225365,0.026236704045073,Range Market,1.059060696686121,1.2358408128424496
2020-04-30,-0.0046275716595274,-0.0092551433190548,Range Market,1.0541598174204168,1.2244029290000555
2020-05-01,-0.01423010550738795,-0.0284602110147759,Range Market,1.0391590119968754,1.1895561632736043
2020-05-04,0.0072911620263402,0.0042408225788494,Inflation Shock,1.0467356887244763,1.1946008599096245
2020-05-05,0.0044999675988899,0.0089999351977798,Range Market,1.0514459654083381,1.2053521902360231
2020-05-06,-0.00350194019952125,-0.0070038803990425,Range Market,1.0477638645144502,1.1969100476568861
2020-05-07,0.0057194778774454,0.0114389557548908,Range Market,1.0537565267583273,1.2106014487346175
2020-05-08,0.0083653975326131,0.0167307950652262,Range Market,1.0625716190072463,1.2308557734790624
2020-05-11,6.653468339535e-05,0.0001330693667907,Range Market,1.062642316873502,1.2310195626774498
2020-05-12,-0.0103566828860238,-0.0207133657720476,Range Market,1.0516368673763736,1.2055210042031657
2020-05-13,-0.00880849831214,-0.01761699662428,Range Market,1.0423735258051046,1.18428334474162
2020-05-14,0.0057294589020357,0.0114589178040714,Range Market,1.048345762081775,1.1978539502457448
2020-05-15,0.0019593376018615,0.003918675203723,Range Market,1.0503998253531739,1.2025479508182544
2020-05-18,0.0155076043850367,0.0310152087700734,Range Market,1.0666890102908624,1.2398452265689066
2020-05-19,-0.0052698738557996,-0.0105397477115992,Range Market,1.061067693763262,1.22677757067944
2020-05-20,0.00825699530670785,0.0165139906134157,Range Market,1.0698289247307644,1.2470365639663892
2020-05-21,-0.0039019841549768,-0.0078039683099536,Range Market,1.065654469217929,1.237304730139842
2020-05-22,0.00117547284340615,0.0023509456868123,Range Market,1.066907117106949,1.2402135663584368
2020-05-25,0.0,0.0,Range Market,1.066907117106949,1.2402135663584368
2020-05-26,0.00610714251073025,0.0122142850214605,Range Market,1.0734228709168334,1.255361888345421
2020-05-27,0.0147184474903143,0.0147184474903143,Trend Market,1.0892219890773254,1.273838866380375
2020-05-28,-0.00105506966245975,-0.0021101393249195,Range Market,1.0880727840009659,1.2711508888948149
2020-05-29,0.00240039677615395,0.0048007935523079,Range Market,1.0906845904039026,1.2772534218862317
2020-06-01,0.00187210823918215,0.0037442164783643,Range Market,1.0927264700119468,1.2820357351955054
2020-06-02,0.0040886536411993,0.0081773072823986,Range Market,1.097194250072396,1.2925193353492148
2020-06-03,0.00677833540628195,0.0135566708125639,Range Market,1.1046314007052307,1.310041594497418
2020-06-04,-0.00168719454180445,-0.0033743890836089,Range Market,1.102767672635255,1.3056210044418723
2020-06-05,0.0129370064108179,0.0258740128216358,Range Market,1.1170341850857801,1.3394026590509982
2020-06-08,0.005984828202903,0.011969656405806,Range Market,1.1237194427802881,1.3554348486688617
2020-06-09,-0.00391487170986095,-0.0078297434197219,Range Market,1.119320225323927,1.3448221415816348
2020-06-10,-0.002663627867591,-0.005327255735182,Range Market,1.116338772778996,1.3376579301150944
2020-06-11,-0.03037634649814445,-0.0607526929962889,Range Market,1.082428479407748,1.2563916085527607
2020-06-12,0.0,0.0129762866052117,Crisis,1.082428479407748,1.2726949061537243
2020-06-15,0.0041389304090876,0.0082778608181752,Range Market,1.086908575556831,1.2832300974508655
2020-06-16,0.00939242643335525,0.0187848528667105,Range Market,1.0971172843925316,1.3073353860256145
2020-06-17,-0.0018033981163147,-0.0036067962326294,Range Market,1.095138745148482,1.3026200936805141
2020-06-18,0.00029702170190085,0.0005940434038017,Range Market,1.0954640251223837,1.3033939065548246
2020-06-19,-0.00283275678283685,-0.0056655135656737,Range Market,1.0923608419748645,1.2960095106958218
2020-06-22,0.00323704664832915,0.0064740932966583,Range Market,1.0958968649771452,1.304399997181423
2020-06-23,0.0042981691914837,0.0042981691914837,Trend Market,1.1006072151192334,1.3100065290626797
2020-06-24,-0.0035613970847807,-0.0261952655956623,Liquidity Expansion,1.0966875157918192,1.2756905601018311
2020-06-25,0.0,0.0108998277282181,Crisis,1.0966875157918192,1.2895953674414553
2020-06-26,-0.01226260213741555,-0.0245252042748311,Range Market,1.0832392731165934,1.2579677776230778
2020-06-29,0.00728944405676675,0.0145788881135335,Range Market,1.0911354851980695,1.2763075491034752
2020-06-30,0.00764617471787775,0.0152923494357555,Range Market,1.0994784977587702,1.2958252901318583
2020-07-01,0.00250478198793525,0.0050095639758705,Range Market,1.1022324516960786,1.3023168098243247
2020-07-02,0.00226548523840845,0.0045309704768169,Range Market,1.1047295430446908,1.308217568841101
2020-07-03,0.0,0.0,Range Market,1.1047295430446908,1.308217568841101
2020-07-06,0.0078784654160816,0.0157569308321632,Range Market,1.113433116543692,1.328831062586751
2020-07-07,0.0087399734598779,-0.0108774778696435,Liquidity Expansion,1.1231644924316329,1.3143767321109687
2020-07-08,0.0038984931317151,0.0077969862634302,Range Market,1.1275431414911639,1.3246249094362101
2020-07-09,-0.0056595914761946,-0.0056595914761946,Trend Market,1.1211617079385388,1.31712807358961
2020-07-10,0.0052059048872215,0.010411809774443,Range Market,1.1269983691532617,1.3308417605404037
2020-07-13,-0.0047033226080294,-0.0094066452160588,Range Market,1.1216977322444108,1.318323004260285
2020-07-14,0.00665865029145195,0.0133173005829039,Range Market,1.129166725176141,1.335879507973376
2020-07-15,0.0045205284681775,0.009041056936355,Range Market,1.1342711555026186,1.3479572706650733
2020-07-16,-0.0017059576070576,-0.0034119152141152,Range Market,1.1323361369964229,1.343358154745314
2020-07-17,0.00142228129379175,0.0028445625875835,Range Market,1.1339466375023575,1.3471794210940276
2020-07-20,0.00418589862757015,0.0083717972551403,Range Market,1.1386932231760165,1.358457734073724
2020-07-21,0.00083881466728,0.00167762933456,Range Market,1.1396483757531488,1.360736722618166
2020-07-22,0.0057306305944738,0.0057306305944738,Trend Market,1.1461792796021821,1.3685346021118254
2020-07-23,-0.0061981892061234,-0.0123963784122468,Range Market,1.1390750435630697,1.3515697293137936
2020-07-24,-0.00310482001213805,-0.0062096400242761,Range Market,1.1355384205724879,1.3431769678270467
2020-07-27,0.00368396441074115,0.0073679288214823,Range Market,1.1397217037009062,1.3530734001206508
2020-07-28,-0.0064944354186463,-0.0064944354186463,Trend Market,1.1323198547009912,1.344285952306879
2020-07-29,0.00617589167587125,0.0123517833517425,Range Market,1.1393129394660626,1.3608902811525647
2020-07-30,-0.0018786508817274,-0.0037573017634548,Range Market,1.1371725682077711,1.3557770056993217
2020-07-31,0.0038206181210881,0.0076412362421762,Range Market,1.14151727032867,1.3661368180915805
2020-08-03,0.0,0.0071553626643586,Crisis,1.14151727032867,1.3759120224741586
2020-08-04,0.017745954507515,0.0036054230261335,Inflation Shock,1.1617745838774651,1.3808727673619208
2020-08-05,0.00320458021775895,0.0064091604355179,Range Market,1.165497583726454,1.3897230024689808
2020-08-06,0.0032035630103324,0.0064071260206648,Range Market,1.169231328674312,1.3986271328796163
2020-08-07,0.0003164146349783,0.0006328292699566,Range Market,1.1696012905783797,1.399512225067058
2020-08-10,0.0,0.0027384652733919,Crisis,1.1696012905783797,1.4033447406950916
2020-08-11,-0.0040005277006886,-0.0080010554013772,Range Market,1.1649222682166598,1.392116501677559
2020-08-12,0.00694975114680675,0.0138995022936135,Range Market,1.1730181880861394,1.4114662281856034
2020-08-13,-0.0010246363380783,-0.0020492726761566,Range Market,1.1718162710253996,1.4085737490108647
2020-08-14,-8.59486981395e-05,-0.000171897396279,Range Market,1.1717155549424463,1.408331618850943
2020-08-17,0.0244785297142949,0.0027061775074234,Inflation Shock,1.2003974289708064,1.4121428142008705
2020-08-18,0.0011503702099084,0.0023007404198168,Range Market,1.201778330413145,1.4153917882520561
2020-08-19,-0.004414123345182,-0.004414123345182,Trend Market,1.1964735326291347,1.4091440743169539
2020-08-20,0.0,0.0031536547683461,Crisis,1.1964735326291347,1.4135880282462103
2020-08-21,0.0017175999914862,0.0034351999829724,Range Market,1.198528595558592,1.418443985816772
2020-08-24,0.0,0.0099936153649035,Crisis,1.198528595558592,1.4326193694276852
2020-08-25,0.00179494987277005,0.0035898997455401,Range Market,1.2006798943087011,1.4377623293374495
2020-08-26,0.0050720006724207,0.0101440013448414,Range Market,1.2067697435399969,1.4523469923398111
2020-08-27,0.00083582301590455,0.0016716460318091,Range Market,1.2077783894665448,1.4547748024263658
2020-08-28,0.0033550014247851,0.0067100028495702,Range Market,1.2118304876840298,1.4645363454961295
2020-08-31,-0.0021973751755085,-0.0021973751755085,Trend Market,1.2091676414534684,1.4613182096869064
2020-09-01,0.00374841571035295,0.0074968314207059,Range Market,1.213700104437143,1.472273465956937
2020-09-02,0.00762452507193485,0.0152490501438697,Range Market,1.222953991313234,1.4947242378648034
2020-09-03,-0.0035215203808738,-0.0357575941421853,Liquidity Expansion,1.2186473339079533,1.4412764952127466
2020-09-04,0.0,-0.0081662807542751,Crisis,1.2186473339079533,1.4295066267083016
2020-09-07,0.0,0.0,Range Market,1.2186473339079533,1.4295066267083016
2020-09-08,0.0047188116955228,-0.0281488290864667,Liquidity Expansion,1.2243979011999158,1.389267688995118
2020-09-09,0.0,0.0199447606621803,Crisis,1.2243979011999158,1.4169763005478262
2020-09-10,-0.0177412459253955,-0.0177412459253955,Trend Market,1.20267555692419,1.39183737552935
2020-09-11,0.00026646507904365,0.0005329301580873,Range Market,1.2029960279615297,1.3925791276419226
2020-09-14,0.00633066751251145,0.0126613350250229,Range Market,1.2106117958334262,1.410211038525851
2020-09-15,0.0026028929652498,0.0052057859304996,Range Market,1.2137628887604492,1.4175522953092443
2020-09-16,-0.0023148234460759,-0.0046296468921518,Range Market,1.2109532419675697,1.4109895287308032
2020-09-17,-0.0042239747642762,-0.0084479495285524,Range Market,1.2058382060327804,1.3990695604067693
2020-09-18,-0.00562278847391425,-0.0112455769478285,Range Market,1.1990580328664937,1.3833362160098506
2020-09-21,-0.0264204636054229,-0.0116385640272977,Liquidity Expansion,1.1673783637483546,1.3672361688885402
2020-09-22,0.0,0.0104630163983761,Crisis,1.1673783637483546,1.3815415833440738
2020-09-23,0.0,-0.0240073389143741,Crisis,1.1673783637483546,1.3483744463284317
2020-09-24,0.0,0.002983005554629,Crisis,1.1673783637483546,1.3523966547915491
2020-09-25,0.0079252196120942,0.0158504392241884,Range Market,1.1766300936514675,1.3738327357753184
2020-09-28,0.0079910959269272,0.0159821918538544,Range Market,1.1860326576003457,1.395789594133585
2020-09-29,-0.0048242827044439,-0.0048242827044439,Trend Market,1.1803109007633787,1.3890559105355635
2020-09-30,0.0041099212841898,0.0082198425683796,Range Market,1.1851618856563872,1.4004737314388431
2020-10-01,0.0026394747821475,0.005278949564295,Range Market,1.1882900905663396,1.407866761633229
2020-10-02,-0.0043060893585596,-0.0096238128663708,Liquidity Expansion,1.18317320725247,1.3943177153784874
2020-10-05,0.0064521686243504,0.0178131090029009,Inflation Shock,1.1908072402974765,1.4191548488272003
2020-10-06,-0.0070360321937616,-0.0140720643875232,Range Market,1.182428682218179,1.3991844104186382
2020-10-07,0.0,0.0172471637702415,Crisis,1.182428682218179,1.4233163730898974
2020-10-08,0.0039891064474346,0.0079782128948692,Range Market,1.1871455160980473,1.4346718941311616
2020-10-09,0.0043775475903764,0.0087550951807528,Range Market,1.1923423020914685,1.4472325831174309
2020-10-12,0.0162825301583242,0.0162825301583242,Trend Market,1.2117566515843186,1.47079719129815
2020-10-13,-0.0031634458145816,-0.0063268916291632,Range Market,1.2079233250765726,1.461491616860329
2020-10-14,0.0,-0.0066451720840594,Crisis,1.2079233250765726,1.451779753566882
2020-10-15,-0.0007644617571065,-0.001528923514213,Range Market,1.2069999138890346,1.4495600933641952
2020-10-16,0.0,0.0001349104566304,Crisis,1.2069999138890346,1.449755654178304
2020-10-19,-0.0082323317574713,-0.0164646635149426,Range Market,1.1970634901666608,1.425885915153373
2020-10-20,0.00235809766000055,0.0047161953200011,Range Market,1.199886282781695,1.4326106716332747
2020-10-21,-0.0010990570057851,-0.0021981140115702,Range Market,1.1985675393564583,1.4294616300428327
2020-10-22,0.0052053540034913,0.0052053540034913,Trend Market,1.2048065076959023,1.4369024838616133
2020-10-23,0.0017199191601947,0.0034398383203894,Range Market,1.2068786774928157,1.441845196088263
2020-10-26,0.0003679402784737,-0.018764472985322,Liquidity Expansion,1.2073227367694965,1.4147897308572484
2020-10-27,-0.00151510267522275,-0.0030302053504455,Range Market,1.20549351886116,1.4105026274450494
2020-10-28,-0.0172263692573465,-0.0359255421085777,Liquidity Expansion,1.1847272423679196,1.3598295559085127
2020-10-29,0.0,0.0118765249399974,Crisis,1.1847272423679196,1.375979605543406
2020-10-30,-0.00610185672262995,-0.0122037134452599,Range Market,1.177498206479594,1.3591875447308324
2020-11-02,0.0061214754452958,0.0122429508905916,Range Market,1.1847062328374387,1.3758280110920758
2020-11-03,0.0095291333978263,0.0176427376840778,Inflation Shock,1.195995456567383,1.4001013837901797
2020-11-04,0.0218075256550917,0.0218075256550917,Trend Market,1.2220771581698493,1.4306341306369135
2020-11-05,0.0096366328883506,0.0192732657767012,Range Market,1.2338538671043708,1.4582071224658986
2020-11-06,-0.0002877565853738,-0.0002877565853738,Trend Market,1.2334988175287225,1.45778751376357
2020-11-09,0.0116319747463441,0.0116319747463441,Trend Market,1.2478468446238618,1.4747444613092036
2020-11-10,0.0,-0.0014007752208676,Crisis,1.2478468446238618,1.47267867581069
2020-11-11,0.0038113641814957,0.0076227283629914,Range Market,1.2526028433914536,1.483904505322365
2020-11-12,0.0063750917154761,-0.0100286515470693,Liquidity Expansion,1.2605883014011403,1.4690229441093607
2020-11-13,0.006759273353147,0.013518546706294,Range Market,1.2691089623160898,1.4888819993919205
2020-11-16,0.0115807349228326,0.0115807349228326,Trend Market,1.2838061767968636,1.5061243471582553
2020-11-17,-0.00240172189232375,-0.0048034437846475,Range Market,1.28072283139655,1.4988897635239917
2020-11-18,-0.00581560532374065,-0.0116312106474813,Range Market,1.2732746528800438,1.4814558609470907
2020-11-19,0.00196933784536635,0.0039386756907327,Range Market,1.2757821608415063,1.4872908351334966
2020-11-20,-0.00340786868645925,-0.0068157373729185,Range Market,1.2714344627648313,1.477153851404078
2020-11-23,0.0028100540909248,0.0056201081818496,Range Market,1.2750072623782664,1.4854556158502048
2020-11-24,-0.0181194212772457,0.0160324588140317,Inflation Shock,1.2519048686596868,1.5092711218313952
2020-11-25,-0.0015856747555094,-0.0015856747555094,Trend Market,1.2499197547131538,1.5068779087142878
2020-11-26,0.0,0.0,Range Market,1.2499197547131538,1.5068779087142878
2020-11-27,0.00119705551295055,0.0023941110259011,Range Market,1.251415978046279,1.5104855417302276
2020-11-30,-0.002303070318486,-0.004606140636972,Range Market,1.2485338790511615,1.5035280328949054
2020-12-01,0.00560407033079645,0.0112081406615929,Range Market,1.2555307507197464,1.5203797865762396
2020-12-02,0.0017895645286042,0.0017895645286042,Trend Market,1.2577776040158062,1.5231006043123032
2020-12-03,-0.0003121760401471,-0.0006243520802942,Range Market,1.257384955983999,1.5221496532815035
2020-12-04,0.0087974637151868,0.0087974637151868,Trend Market,1.26844675451029,1.5355407096253317
2020-12-07,0.0140089501443851,-0.0019375134389632,Inflation Shock,1.2862163618550317,1.5325655788643575
2020-12-08,0.0013916355850852,0.0027832711701704,Range Market,1.288006306314308,1.5368311244564061
2020-12-09,-0.00399048247423585,-0.0079809649484717,Range Market,1.2828665397222554,1.5245657291203993
2020-12-10,-0.00064296726388585,-0.0012859345277717,Range Market,1.2820416985332794,1.522605237409466
2020-12-11,-0.0012657980842328,-0.0012657980842328,Trend Market,1.2804188926073694,1.5206779266169104
2020-12-14,-0.00218439412257345,-0.0043687882451469,Range Market,1.277621953103926,1.5140344067664522
2020-12-15,0.0064192410111093,0.0128384820222186,Range Market,1.285823316341984,1.5334723102787435
2020-12-16,0.0008856128101615,0.001771225620323,Range Market,1.286962057942541,1.5361884357227653
2020-12-17,0.0028705714044916,0.0057411428089832,Range Market,1.2906563744247366,1.5450079129137584
2020-12-18,-0.00175864847607435,-0.0035172969521487,Range Market,1.2883865635587188,1.539573661290621
2020-12-21,0.0,-0.0039139284869094,Crisis,1.2883865635587188,1.5335478800800002
2020-12-22,-0.00103762234588515,-0.0020752446917703,Range Market,1.287049704870232,1.5303653929822885
2020-12-23,0.0,0.0007455332718186,Crisis,1.287049704870232,1.5315063313007966
2020-12-24,0.00176517498974345,0.0035303499794869,Range Market,1.2893215728198255,1.5369130846460886
2020-12-25,0.0,0.0,Range Market,1.2893215728198255,1.5369130846460886
2020-12-28,0.00434235376920575,0.0086847075384115,Range Market,1.294920263211278,1.5502607252981977
2020-12-29,-0.0011149324136393,-0.0022298648272786,Range Market,1.2934765146367455,1.5468038534337438
2020-12-30,0.0006703240475396,0.0013406480950792,Range Market,1.2943435630494342,1.548877573073311
2020-12-31,0.0064182047117037,0.0064182047117037,Trend Market,1.3026509250043614,1.5588185864106623
2021-01-01,0.0,0.0,Crisis,1.3026509250043614,1.5588185864106623
2021-01-04,-0.00743238135601285,-0.0148647627120257,Range Market,1.2929691265559662,1.5356471180125724
2021-01-05,0.0041053068384807,0.007057631383362,Inflation Shock,1.2982771615531608,1.546485149306427
2021-01-06,0.005693603382474,0.005693603382474,Trend Market,1.3056690367915684,1.555290222383464
2021-01-07,0.00736913005387645,0.0147382601077529,Range Market,1.3152906817310053,1.5782124942239961
2021-01-08,0.0,0.0054768373935153,Crisis,1.3152906817310053,1.5868561074272751
2021-01-11,0.0,-0.0065763276166213,Crisis,1.3152906817310053,1.576420421784397
2021-01-12,0.00020785101528475,0.0004157020305695,Range Market,1.3155640662345975,1.577075742954764
2021-01-13,0.0022730563867261,0.0022730563867261,Trend Market,1.3185544175374995,1.5806605250446382
2021-01-14,-0.00188025653437155,-0.0037605130687431,Range Market,1.3160751969780002,1.5747164304829615
2021-01-15,-0.00360800039913925,-0.0072160007982785,Range Market,1.3113267971420064,1.5633532754635342
2021-01-18,0.0,0.0,Crisis,1.3113267971420064,1.5633532754635342
2021-01-19,0.0040517288178808,0.0081034576357616,Range Market,1.316639937715646,1.5760218425009822
2021-01-20,0.0069197086882554,0.0138394173765108,Range Market,1.3257507025319608,1.597833066573851
2021-01-21,0.00015833658065675,0.0003166731613135,Range Market,1.3259606173650031,1.5983390574222942
2021-01-22,-0.00150757633146885,-0.0030151526629377,Range Market,1.3239616305218038,1.59351982115703
2021-01-25,0.0018046587565087,0.0036093175130174,Range Market,1.3263509294716065,1.5992713401548726
2021-01-26,-0.00074497158057675,-0.0014899431611535,Range Market,1.3253628357232785,1.59688851675878
2021-01-27,-0.01300665756305015,-0.0260133151261003,Range Market,1.3081242951722327,1.555348152551083
2021-01-28,0.0,0.0097132987787603,Crisis,1.3081242951722327,1.5704557138618045
2021-01-29,-0.009750188827396,-0.019500377654792,Range Market,1.2953698362845991,1.5398312343513734
2021-02-01,0.0079621501173393,0.0159243002346786,Range Market,1.3056837653785702,1.5643519692379202
2021-02-02,0.0,0.0138025288143106,Crisis,1.3056837653785702,1.5859439823690502
2021-02-03,0.00050413030767235,0.0010082606153447,Range Market,1.3063420001369332,1.587543027224616
2021-02-04,0.00539742382196095,0.0107948476439219,Range Market,1.3133928815681004,1.6046803123316764
2021-02-05,0.0,0.0038899196077638,Crisis,1.3133928815681004,1.6109223897428078
2021-02-08,0.007372107476289,0.007372107476289,Trend Market,1.3230753550496133,1.622798282735952
2021-02-09,-0.00055707271086055,-0.0011141454217211,Range Market,1.322338305874903,1.6209902494588648
2021-02-10,-0.0003452445223915,-0.0003452445223915,Trend Market,1.3218817758180512,1.6204306114543892
2021-02-11,0.00083053740729385,0.0016610748145877,Range Market,1.3229796480808882,1.623122267931863
2021-02-12,0.0023499854630813,0.0046999709261626,Range Market,1.3260886310218307,1.63075089540075
2021-02-15,0.0,0.0,Range Market,1.3260886310218307,1.63075089540075
2021-02-16,-0.0002847172577077,-0.0005694345154154,Range Market,1.3257110707033288,1.6298222895548642
2021-02-17,0.0,-0.0003204533489169,Crisis,1.3257110707033288,1.629300007544037
2021-02-18,-0.00221280711362165,-0.0044256142272433,Range Market,1.3227775278154696,1.6220893542502024
2021-02-19,-0.00092830954783245,-0.0018566190956649,Range Market,1.3215495808067403,1.6190777521802266
2021-02-22,-0.0077628928937108,-0.0077628928937108,Trend Market,1.3112905329572093,1.6065090250034615
2021-02-23,0.00062776480576325,0.0012555296115265,Range Market,1.3121137150039306,1.6085260446555378
2021-02-24,-0.0044434642604026,0.0112876676709859,Liquidity Expansion,1.3062833846057265,1.626682552087735
2021-02-25,-0.0123916972120859,-0.0247833944241718,Range Market,1.2900963164305135,1.5863678367964265
2021-02-26,0.0,-0.0047615322937987,Crisis,1.2900963164305135,1.5788142951116766
2021-03-01,0.0,0.0235121732256935,Crisis,1.2900963164305135,1.6159356503095437
2021-03-02,-0.00405683936975435,-0.0081136787395087,Range Market,1.284862602903243,1.602824467579213
2021-03-03,-0.00657616794740055,-0.0131523358948011,Range Market,1.276413130637217,1.5817435818012053
2021-03-04,0.0,-0.0135080380643904,Crisis,1.276413130637217,1.5603773292901295
2021-03-05,0.0,0.0193083563387091,Crisis,1.276413130637217,1.5905056507869066
2021-03-08,-0.0026868216120127,-0.0053736432240254,Range Market,1.2729836362519642,1.5819588408737815
2021-03-09,0.0,0.0140554007439305,Crisis,1.2729836362519642,1.604193906342666
2021-03-10,0.0060122037709881,0.0060122037709881,Trend Market,1.2806370732702443,1.6138386469957753
2021-03-11,0.0051709127503288,0.0103418255006576,Range Market,1.287259135840961,1.6305286846692228
2021-03-12,0.0005074416637654,0.0010148833275308,Range Market,1.2879123447585494,1.6321834810463542
2021-03-15,0.0032354697697065,0.006470939539413,Range Market,1.2920793462160476,1.6427452416694337
2021-03-16,-0.00078545848929795,-0.0015709169785959,Range Market,1.2910644715247157,1.6401646252777875
2021-03-17,0.0014376223250796,0.0028752446501592,Range Market,1.2929205346320967,1.644880499841998
2021-03-18,-0.0148705600659477,-0.0148705600659477,Trend Market,1.273694082161353,1.6204202055677914
2021-03-19,0.0,-0.000602885673755,Crisis,1.273694082161353,1.6194432774403915
2021-03-22,0.00350027844917135,0.0070005568983427,Range Market,1.2781523661079794,1.6307802822477515
2021-03-23,-0.007660118119334,-0.007660118119334,Trend Market,1.268361568009086,1.6182883126590528
2021-03-24,0.0,-0.0054823366003488,Crisis,1.268361568009086,1.6094163114126454
2021-03-25,0.0026132917163646,0.0052265834327292,Range Market,1.2716761667881193,1.6178280600422388
2021-03-26,0.0042231567839576,0.0164944186587165,Inflation Shock,1.2770466546188879,1.6445131933823947
2021-03-29,-0.00043419481319335,-0.0008683896263867,Range Market,1.2764921675852463,1.6430851151848054
2021-03-30,-0.001581414704825,-0.00316282940965,Range Market,1.274473504100833,1.6378883172599408
2021-03-31,0.0018079767962099,0.0036159535924198,Range Market,1.2767777226236317,1.6438108454047193
2021-04-01,0.0073830821038836,0.0117558304276741,Inflation Shock,1.2862042773781714,1.6631352069584688
2021-04-02,0.0,0.0,Range Market,1.2862042773781714,1.6631352069584688
2021-04-05,0.00716749388112195,0.0143349877622439,Range Market,1.2954231386661523,1.6869762297971753
2021-04-06,-0.0009740049407969,-0.0009740049407969,Trend Market,1.2941613901286688,1.685333106614346
2021-04-07,0.0007370728490534,0.0014741456981068,Range Market,1.295115281351626,1.6878175331633387
2021-04-08,0.0095514313177296,0.0042117509405917,Liquidity Expansion,1.307485486009998,1.6949262002461865
2021-04-09,0.0076902881356872,0.0076902881356872,Trend Market,1.317540426130644,1.7079606710948052
2021-04-12,-9.804903736975e-05,-0.0001960980747395,Range Market,1.3174112425601663,1.7076257432954727
2021-04-13,0.0086271889668262,0.0032890718770625,Liquidity Expansion,1.328776798296754,1.7132422471042936
2021-04-14,-0.00204805216036505,-0.0040961043207301,Range Market,1.3260553941043594,1.7062246281334723
2021-04-15,0.0174275185107293,0.0110331014011194,Liquidity Expansion,1.3491652490313655,1.725049577468756
2021-04-16,0.00180116169525895,0.0036023233905179,Range Market,1.3515953137984953,1.7312637639114745
2021-04-19,-0.00266034494687895,-0.0053206898937579,Range Market,1.3479996040352062,1.7220522462994015
2021-04-20,-0.0068255610050778,-0.0068255610050778,Trend Market,1.3387987505030432,1.7102982736383536
2021-04-21,0.0046315104599266,0.0092630209198532,Range Market,1.3449994109197347,1.7261408023262546
2021-04-22,-0.00462666893027715,-0.0092533378605543,Range Market,1.3387765439339914,1.7101682382874415
2021-04-23,0.00543470494776545,0.0108694098955309,Range Market,1.3460523994412616,1.7287567578597056
2021-04-26,0.0008903422822913,0.0017806845645826,Range Market,1.3472508468066637,1.7318351283343445
2021-04-27,-0.0001074594907221,-0.0002149189814442,Range Market,1.3471060719167909,1.7314629240925337
2021-04-28,-0.000422948793698,-0.000845897587396,Range Market,1.3465363150286904,1.7299982837823782
2021-04-29,0.0067400415367024,0.0067400415367024,Trend Market,1.355612025722662,1.7416585440734955
2021-04-30,-0.0036103567085599,-0.0072207134171198,Range Market,1.3507177827513897,1.7290825268562626
2021-05-03,0.0,0.0027443216495121,Crisis,1.3507177827513897,1.733827685468507
2021-05-04,-0.0033503687449236,-0.0067007374898472,Range Market,1.346192380108847,1.7222097612955531
2021-05-05,0.00035160822355675,0.0007032164471135,Range Market,1.3466657124201826,1.7234208475250756
2021-05-06,0.0174468391579783,0.008132299498632,Liquidity Expansion,1.3701607725043419,1.7374362220193356
2021-05-07,0.0073462914191863,0.0073462914191863,Trend Market,1.3802263728302961,1.7501999348285395
2021-05-10,-0.010490480503138,-0.010490480503138,Trend Market,1.365747134976203,1.7318394965356272
2021-05-11,-0.00435587507089075,-0.0087117501417815,Range Market,1.3597981110778197,1.7167521435561401
2021-05-12,-0.0108413911791512,-0.0216827823583024,Range Market,1.3450560078309541,1.6795281804642634
2021-05-13,0.0,0.012099644578094,Crisis,1.3450560078309541,1.699849874506774
2021-05-14,0.0077013654827954,0.0148077785636236,Liquidity Expansion,1.35541477574209,1.7250208750398737
2021-05-17,-0.0025332581839619,-0.0025332581839619,Trend Market,1.3519811601687786,1.7206509517906738
2021-05-18,-0.00427688619201635,-0.0085537723840327,Range Market,1.3461988906129865,1.7059328951966872
2021-05-19,-0.0029477518113784,-0.0029477518113784,Trend Market,1.3422306303947065,1.7009042284147813
2021-05-20,0.0,0.0104994293345084,Crisis,1.3422306303947065,1.7187627521657889
2021-05-21,-0.0007841880752528,-0.0007841880752528,Trend Market,1.3411780691401118,1.7174149189113517
2021-05-24,0.004931248740608,0.009862497481216,Range Market,1.34779175180449,1.7343529192233178
2021-05-25,-0.00106377270041425,-0.0021275454008285,Range Market,1.3463580077330768,1.7306630046466107
2021-05-26,0.0009375287753052,0.0018750575506104,Range Market,1.3476202571071891,1.7339080973810352
2021-05-27,0.00058231804493145,0.0011646360898629,Range Market,1.3484050007006176,1.7359274693277509
2021-05-28,0.00038429322644365,0.0007685864528873,Range Market,1.3489231836088897,1.7372616796638711
2021-05-31,0.0,0.0,Range Market,1.3489231836088897,1.7372616796638711
2021-06-01,-0.00024622737931455,-0.0004924547586291,Range Market,1.348591041788493,1.7364061568827367
2021-06-02,0.0007229445184501,0.0014458890369002,Range Market,1.3495659982897847,1.7389168075085795
2021-06-03,-0.0192135739831947,-0.0036353030560493,Liquidity Expansion,1.3236360121364399,1.732595317924028
2021-06-04,0.0,0.0087953033830163,Crisis,1.3236360121364399,1.7478340193851636
2021-06-07,-0.0007970562694215,-0.0007970562694215,Trend Market,1.3225809997545344,1.7464408973221044
2021-06-08,8.75047747206e-05,0.0001750095494412,Range Market,1.3226967319069676,1.7467465411566705
2021-06-09,-0.0009127662953078,-0.0018255325906156,Range Market,1.3214894189111692,1.743557798418244
2021-06-10,0.00232072738823145,0.0046414547764629,Range Market,1.3245562355988945,1.7516504430897513
2021-06-11,0.00097326946640415,0.0019465389328083,Range Market,1.3258453857395383,1.7550600988738965
2021-06-14,0.0,0.0018135563851361,Crisis,1.3258453857395383,1.7582429993225066
2021-06-15,-0.0010068599771379,-0.0020137199542758,Range Market,1.3245104450847642,1.7547023903103052
2021-06-16,-0.0027023518735132,-0.0054047037470264,Range Market,1.3209311518020017,1.7452187437264788
2021-06-17,0.0,-0.0004358105436726,Crisis,1.3209311518020017,1.7444581589969477
2021-06-18,0.0,-0.0132113556872841,Crisis,1.3209311518020017,1.721411501776854
2021-06-21,0.0,0.0139051635123198,Crisis,1.3209311518020017,1.7453480101810492
2021-06-22,0.0025557031894953,0.0051114063789906,Range Market,1.324307059759766,1.7542691931338472
2021-06-23,-0.00054193525932475,-0.0010838705186495,Range Market,1.3235893710699094,1.7523677924736343
2021-06-24,0.0028972147729584,0.0057944295459168,Range Market,1.327424093749104,1.7625217641856563
2021-06-25,0.00166253158234375,0.0033250631646875,Range Market,1.329630978228126,1.76838226038071
2021-06-28,0.00115614443023585,0.0023122888604717,Range Market,1.3311682236778735,1.772471270982444
2021-06-29,0.0001386488713439,0.0002772977426878,Range Market,1.3313527886496554,1.772962773264866
2021-06-30,0.00066363921145355,0.0013272784229071,Range Market,1.3322363265644814,1.775315988498438
2021-07-01,0.00260402071612735,0.0052080414322547,Range Market,1.3357054975576328,1.784561907721882
2021-07-02,0.0,0.0074720958946916,Crisis,1.3357054975576328,1.7978963254263938
2021-07-05,0.0,0.0,Trend Market,1.3357054975576328,1.7978963254263938
2021-07-06,-0.00101195138501085,-0.0020239027700217,Range Market,1.3343538285294128,1.7942575580731515
2021-07-07,0.0,0.0033533465536629,Crisis,1.3343538285294128,1.8002743254718996
2021-07-08,-0.00429894050477815,-0.0085978810095563,Range Market,1.3286175208082418,1.784795781036933
2021-07-09,0.005762440859237,0.0112148259024137,Inflation Shock,1.3362736006964453,1.8048119549926247
2021-07-12,0.001722616347797,0.003445232695594,Range Market,1.3385754874461346,1.8110299521493642
2021-07-13,0.0021577503670339,-0.0035230111811655,Inflation Shock,1.341463799195474,1.8046496733785165
2021-07-14,0.0,0.0011642565654693,Crisis,1.341463799195474,1.8067507486091194
2021-07-15,-0.0032675735627459,-0.0032675735627459,Trend Market,1.3370804675498422,1.800847057628493
2021-07-16,-0.0037837075034066,-0.0075674150068132,Range Market,1.3320213461521155,1.7872193005796195
2021-07-19,-0.00320161948591,-0.0159967813999839,Inflation Shock,1.3277567206546268,1.758629544114415
2021-07-20,0.00752440300239995,0.0150488060047999,Range Market,1.3377472973099773,1.7850948189581026
2021-07-21,0.004104020831072,0.008208041662144,Range Market,1.343237440084848,1.799746951602988
2021-07-22,0.00100731960462145,0.0020146392092429,Range Market,1.3445905094919068,1.8033727923784026
2021-07-23,0.0050471661931272,0.0100943323862544,Range Market,1.3513768812550142,1.8215766367609978
2021-07-26,0.00118968346136475,0.0023793669227295,Range Market,1.352984591980714,1.8259108359577236
2021-07-27,-0.004723583382178,-0.004723583382178,Trend Market,1.3465936564456908,1.817285993875655
2021-07-28,-9.313961577635e-05,-0.0001862792315527,Range Market,1.3464682352299226,1.8169474712372042
2021-07-29,0.0041973318452726,0.0041973318452726,Trend Market,1.3521198092323012,1.8245738027194156
2021-07-30,-0.0054207136082611,-0.0054207136082611,Trend Market,1.3447903549823963,1.8146833106777378
2021-08-02,0.0030297211452917,-0.0018445056700603,Inflation Shock,1.3488646947568708,1.811336117021829
2021-08-03,0.004084980669459,0.008169961338918,Range Market,1.3543747809606683,1.8261346630696829
2021-08-04,-0.0023215753306477,-0.0046431506612954,Range Market,1.3512304978807386,1.8176556447012364
2021-08-05,0.00299374299520955,0.0059874859904191,Range Market,1.3552757347186826,1.8285388324092915
2021-08-06,0.0008369322742644,0.0016738645485288,Range Market,1.3564100087215958,1.8315995587364697
2021-08-09,0.0,-0.0009403502649549,Crisis,1.3564100087215958,1.8298772136061208
2021-08-10,0.0004960934769317,0.0009921869538634,Range Market,1.3570829148789676,1.8316927939046326
2021-08-11,0.0006374653590077,0.0012749307180154,Range Market,1.3579480082265043,1.834028075313549
2021-08-12,0.0020689038677393,0.0041378077354786,Range Market,1.360757472112913,1.8416169308706662
2021-08-13,0.014868869094078,0.0016060163209228,Inflation Shock,1.3809903968345483,1.8445745977185324
2021-08-16,0.0026174222619943,0.0026174222619943,Trend Market,1.3846050318428234,1.8494026283345102
2021-08-17,-0.00354287175356895,-0.0070857435071379,Range Market,1.379699553785658,1.8362982356687052
2021-08-18,0.0,-0.0108066528452543,Crisis,1.379699553785658,1.8164539981154806
2021-08-19,0.00062795162807845,0.0012559032561569,Range Market,1.3805659383667168,1.8187352886063732
2021-08-20,0.0,0.0081086038907417,Crisis,1.3805659383667168,1.833482692643796
2021-08-23,0.00424383399220605,0.0084876679844121,Range Market,1.3864248310244391,1.8490446849941224
2021-08-24,0.001494618801962,0.001494618801962,Trend Market,1.3884970076443952,1.8518083019459826
2021-08-25,0.0011088287016254,0.0022176574032508,Range Market,1.3900366129785924,1.8559149783361946
2021-08-26,-0.0029209749138013,-0.0058419498276026,Range Market,1.3859763509028167,1.8450728161484584
2021-08-27,0.0135227204233646,0.0087690715404522,Inflation Shock,1.4047185216094704,1.8612523916706079
2021-08-30,0.0042973241068746,0.0042973241068746,Trend Market,1.4107550523757562,1.8692507964423122
2021-08-31,-0.0006750134579466,-0.0013500269158932,Range Market,1.4098027737295362,1.8667272575545601
2021-09-01,0.00015582003047665,0.0003116400609533,Range Market,1.410022449240705,1.8673090045508876
2021-09-02,0.0014193028772021,0.0028386057544042,Range Market,1.4120236981598318,1.8726095586364562
2021-09-03,-0.0003350872611813,-0.0003350872611813,Trend Market,1.4115505470060923,1.871982071028191
2021-09-06,0.0,0.0,Range Market,1.4115505470060923,1.871982071028191
2021-09-07,-0.00170067622616015,-0.0034013524523203,Range Market,1.4091499565487757,1.8656148002201995
2021-09-08,0.0,-0.0013194368138166,Crisis,1.4091499565487757,1.8631532393723877
2021-09-09,-0.00230812357500125,-0.0046162471500025,Range Market,1.4058974643133535,1.854552463541117
2021-09-10,-0.0077525522862761,-0.0077525522862761,Trend Market,1.3949981707121213,1.8401749485998722
2021-09-13,0.0011369501731848,0.0022739003463696,Range Market,1.3965842141239049,1.844359323052874
2021-09-14,-0.0028816069831293,-0.0057632139662586,Range Market,1.3925598072999572,1.8337298856434565
2021-09-15,0.00421914711103985,0.0084382942220797,Range Market,1.3984352219878768,1.8492034379423368
2021-09-16,-0.0007761723563819,-0.0015523447127638,Range Market,1.397349795226379,1.8463328367626224
2021-09-17,0.0,-0.0091526302757993,Crisis,1.397349795226379,1.8294340349416665
2021-09-20,0.0,-0.0171230777263818,Crisis,1.397349795226379,1.798108493766072
2021-09-21,0.0080276031615123,-0.0008126886585469,Inflation Shock,1.4085671648602767,1.7966471913863515
2021-09-22,0.000394039007263,0.00947458522422,Inflation Shock,1.4091221952675814,1.813669678318997
2021-09-23,0.00603084018496795,0.0120616803699359,Range Market,1.4176203860283314,1.8355455822755251
2021-09-24,0.0014599428113642,0.0014599428113642,Trend Market,1.4196900307201568,1.8382253738532996
2021-09-27,-0.0013901219600938,-0.0027802439201876,Range Market,1.4177164884319264,1.8331146589337095
2021-09-28,-0.010287158869947,-0.020574317739894,Range Market,1.4031322136828839,1.79539957548715
2021-09-29,0.0,0.0015679543362838,Crisis,1.4031322136828839,1.7982146800368972
2021-09-30,0.0,-0.0119812029450149,Crisis,1.4031322136828839,1.77666990501667
2021-10-01,0.00571297605666705,0.0114259521133341,Range Market,1.4111482744239923,1.7969700502725925
2021-10-04,-0.0130709520486437,-0.0130709520486437,Trend Market,1.39270322299547,1.7734819409126306
2021-10-05,0.00523475874930075,0.0104695174986015,Range Market,1.3999936883772246,1.7920494411264694
2021-10-06,0.0020471996748124,0.0040943993496248,Range Market,1.4028597550008097,1.799386807192713
2021-10-07,0.0041320196125327,0.0082640392250654,Range Market,1.408656399022106,1.814257010348419
2021-10-08,-0.0009577783012107,-0.0019155566024214,Range Market,1.407307218489261,1.8107816983537568
2021-10-11,-0.0034447208221699,-0.0068894416443398,Range Market,1.4024594380105408,1.79830642351231
2021-10-12,-0.00120985284327745,-0.0024197056865549,Range Market,1.4007626684718826,1.793955051233169
2021-10-13,0.0199330374123858,0.0030179558702319,Liquidity Expansion,1.428684123148406,1.7993691284109703
2021-10-14,0.0169191622857115,0.0169191622857115,Trend Market,1.4528562616829732,1.8298129467064546
2021-10-15,0.003716260318595,0.00743252063719,Range Market,1.458255453756888,1.8434130691950477
2021-10-18,0.0016845439009019,0.0033690878018038,Range Market,1.460711949087471,1.8496236896801583
2021-10-19,0.00368307139211785,0.0073661427842357,Range Market,1.4660918554792797,1.8632482818754474
2021-10-20,0.0018286667992803,0.0036573335985606,Range Market,1.46877284898009,1.8700628024192107
2021-10-21,0.00149569658418,0.00299139316836,Range Market,1.4709696875132456,1.8756568955107717
2021-10-22,-0.00053656461233215,-0.0010731292246643,Range Market,1.4701804172331128,1.873644073280756
2021-10-25,0.00236847972042675,0.0047369594408535,Range Market,1.4736625097366978,1.8825194492624824
2021-10-26,0.00090907071612205,0.0018181414322441,Range Market,1.4750021731697465,1.8859421358701918
2021-10-27,-0.00253218518555275,-0.0050643703711055,Range Market,1.4712671945181879,1.8763910263956713
2021-10-28,0.0020558146825891,0.009781288424184,Inflation Shock,1.47429184721869,1.8947445482213978
2021-10-29,0.0019474372317175,0.0019474372317175,Trend Market,1.4771629380523812,1.8984344442991978
2021-11-01,0.0,0.0017984589459023,Crisis,1.4771629380523812,1.901848700708757
2021-11-02,0.00183680356019425,0.0036736071203885,Range Market,1.479876196195983,1.9088353456375822
2021-11-03,0.0,0.0064404946128902,Crisis,1.479876196195983,1.9211291893980553
2021-11-04,0.0165330339646609,0.004173222342817,Liquidity Expansion,1.5043430396111845,1.9291464886546892
2021-11-05,0.0,0.0037258500452844,Crisis,1.5043430396111845,1.9363341991868035
2021-11-08,0.00044369703035125,0.0008873940607025,Range Market,1.5050105121504895,1.9380524906546972
2021-11-09,-0.00175245546320005,-0.0035049109264001,Range Market,1.502373048256298,1.9312597893042645
2021-11-10,-0.0041299210819305,-0.008259842163861,Range Market,1.49616836613138,1.9153078882671999
2021-11-11,0.0,0.0005507883329889,Crisis,1.49616836613138,1.9163628175061391
2021-11-12,0.0,0.0071966975641304,Crisis,1.49616836613138,1.9301543011268758
2021-11-15,-5.369939008500939e-06,-1.0739878017001878e-05,Range Market,1.4961603317985075,1.9301335715051278
2021-11-16,0.0019288895285633,0.0038577790571266,Range Market,1.4990462597955656,1.9375796003747372
2021-11-17,0.0,-0.0026050154828958,Crisis,1.4990462597955656,1.932532175516418
2021-11-18,0.00168953237008595,0.0033790647401719,Range Market,1.5015789469757463,1.9390623268499532
2021-11-19,-0.000699822302494,-0.001399644604988,Range Market,1.5005281085396973,1.9363483287254422
2021-11-22,0.0,-0.0032022583169607,Crisis,1.5005281085396973,1.930147641185248
2021-11-23,0.0008278806915976,0.0016557613831952,Range Market,1.5017703667879567,1.9333435051133878
2021-11-24,0.0011456118883336,0.0022912237766672,Range Market,1.503490812773696,1.9377732277207689
2021-11-25,0.0,0.0,Range Market,1.503490812773696,1.9377732277207689
2021-11-26,0.0006724229725988,-0.0229870111593211,Liquidity Expansion,1.504501794535296,1.8932296129109178
2021-11-29,0.0131138360828242,0.0131138360828242,Trend Market,1.5242315844551468,1.9180571157217805
2021-11-30,-0.0048933268890934,-0.0191433811878505,Liquidity Expansion,1.516773021057727,1.8813390172154494
2021-12-01,-0.00594277072897795,-0.0118855414579559,Range Market,1.5077591867456817,1.858978284329865
2021-12-02,0.00704731919802885,0.0140946383960577,Range Market,1.518384847008439,1.885179911033618
2021-12-03,0.0120248995305794,-0.0084844551417386,Liquidity Expansion,1.5366432722424694,1.8691851866443465
2021-12-06,0.00583129965484305,0.0116625993096861,Range Market,1.545603899625514,1.8909847445117804
2021-12-07,0.0028650763234604,0.0204956031862525,Inflation Shock,1.550032172763779,1.929741617466551
2021-12-08,0.0004487093895392,0.0030805355865858,Inflation Shock,1.5507276867537858,1.9356862551920722
2021-12-09,-0.0036034941162618,-0.0072069882325236,Range Market,1.5451396486586442,1.9217357871290452
2021-12-10,0.00475188455910485,0.0095037691182097,Range Market,1.552481973896766,1.9399995203561204
2021-12-13,0.0019052030554421,-0.0091781583427938,Liquidity Expansion,1.5554397672969527,1.922193897573348
2021-12-14,-0.0037493614273118,-0.0074987228546236,Range Market,1.5496078614309428,1.9077798982625966
2021-12-15,0.0081081336759454,0.0162162673518908,Range Market,1.5621722891167207,1.938716967141386
2021-12-16,0.0191059983916743,-0.0087818633111124,Inflation Shock,1.592019150360103,1.9216914197370158
2021-12-17,-0.0103409645840536,-0.0103409645840536,Trend Market,1.575556136709094,1.9018192768240356
2021-12-20,0.0,-0.0114533983232565,Crisis,1.575556136709094,1.8800369831077222
2021-12-21,0.0088108776925977,0.0176217553851954,Range Market,1.5894381691274595,1.913166534939167
2021-12-22,0.0076333849811133,0.0101287280291275,Inflation Shock,1.6015709625760852,1.9325444784459944
2021-12-23,0.0062044126852516,0.0062044126852516,Trend Market,1.611507769772623,1.9445347819228778
2021-12-24,0.0,0.0,Range Market,1.611507769772623,1.9445347819228778
2021-12-27,0.0068720257868029,0.0137440515736058,Range Market,1.6225820927221337,1.9712605682522961
2021-12-28,-0.00050533269944365,-0.0010106653988873,Range Market,1.6217621489331495,1.9692682834037727
2021-12-29,0.0007004567009288,0.0014009134018576,Range Market,1.6228981230976824,1.9720270577338461
2021-12-30,-0.0029942338419043,-0.0029942338419043,Trend Market,1.6180387866155403,1.9661223475804284
2021-12-31,-0.0013148171867372,-0.0026296343734744,Range Market,1.6159113614100908,1.9609521646727748
2022-01-03,0.00317691208519415,0.0063538241703883,Range Market,1.621044969742757,1.9734117099336477
2022-01-04,0.0,-0.0006298202522032,Crisis,1.621044969742757,1.9721688152727965
2022-01-05,0.0058264198557907,-0.019583264304501,Inflation Shock,1.6304898583415957,1.933547312110215
2022-01-06,-0.00048211687009045,-0.0009642337401809,Range Market,1.6297037716743776,1.931682920553642
2022-01-07,-0.00202922054116825,-0.0040584410823365,Range Market,1.6263967433048765,1.9238432992308194
2022-01-10,-0.0014420705375388,-0.0014420705375388,Trend Market,1.6240513644790076,1.9210689814901574
2022-01-11,0.00455914322619965,0.0091182864523993,Range Market,1.6314556472563722,1.9385858387582036
2022-01-12,0.002813792014667,0.002813792014667,Trend Market,1.6360462241289053,1.9440406161110477
2022-01-13,-0.0143460292344005,-0.0143460292344005,Trend Market,1.6125754571687214,1.9161513525994567
2022-01-14,0.00040982213479525,0.0008196442695905,Range Market,1.6132363262850966,1.917721915075283
2022-01-17,0.0,0.0,Crisis,1.6132363262850966,1.917721915075283
2022-01-18,-0.00927955269900425,-0.0185591053980085,Range Market,1.598266214779386,1.88213071192933
2022-01-19,-0.00486839547073005,-0.0097367909414601,Range Market,1.5904852227783333,1.8638047986627728
2022-01-20,-0.00554937115216535,-0.0110987423043307,Range Market,1.5816590299651019,1.8431189094968397
2022-01-21,-0.0058242284387881,-0.0190959953246354,Liquidity Expansion,1.5724470864623132,1.807922719418341
2022-01-24,0.00138395237913475,0.0027679047582695,Range Market,1.5746232783486864,1.8129268773160028
2022-01-25,-0.0061232952784331,-0.0122465905568662,Range Market,1.564981395063063,1.7907247041399756
2022-01-26,-0.0007488784629428,-0.0014977569258856,Range Market,1.5638094142013943,1.7880426338119955
2022-01-27,0.0,-0.0053986351999709,Crisis,1.5638094142013943,1.7783896439100495
2022-01-28,0.0,0.0240559679147366,Crisis,1.5638094142013943,1.8211705281238493
2022-01-31,0.0093549131114922,0.0187098262229844,Range Market,1.578438715394182,1.855244312227467
2022-02-01,0.006839560348317,0.006839560348317,Trend Market,1.5892345422442402,1.8679333676618186
2022-02-02,0.0093784004483244,0.0093784004483244,Trend Market,1.6041390201877161,1.8854515947945383
2022-02-03,-0.0123467358600603,-0.0246934717201206,Range Market,1.5843331394226425,1.838893249158823
2022-02-04,0.0025718392199318,0.0051436784398636,Range Market,1.5884077895280475,1.8483519247177318
2022-02-07,0.0,-0.0037085809278284,Crisis,1.5884077895280475,1.8414971620218086
2022-02-08,0.00418305673331715,0.0083661134666343,Range Market,1.5950521894272862,1.8569033362277683
2022-02-09,0.00720642103963235,0.0144128420792647,Range Market,1.6065468070844866,1.8836665907692787
2022-02-10,-0.009140912242528,-0.018281824485056,Range Market,1.5918615037074137,1.849229728768471
2022-02-11,-0.00957584131904325,-0.0191516826380865,Range Market,1.576618090546018,1.8138138678781823
2022-02-14,-0.00192399537781415,-0.0038479907556283,Range Market,1.5735846846272292,1.8068343288821567
2022-02-15,0.00782185882303205,0.0156437176460641,Range Market,1.585893041876469,1.835099934956405
2022-02-16,0.0004404098601419,0.0008808197202838,Range Market,1.5865914848092417,1.8367163271678062
2022-02-17,-0.0214005041369366,-0.0214005041369366,Trend Market,1.5526376271749531,1.7974096718098724
2022-02-18,-0.00359598083193315,-0.0071919616638663,Range Market,1.5470543720286938,1.7844827703559534
2022-02-21,0.0,0.0,Range Market,1.5470543720286938,1.7844827703559534
2022-02-22,-0.005097367717508,-0.010194735435016,Range Market,1.539168467015485,1.76629044062383
2022-02-23,-0.0092918678743942,-0.0185837357487884,Range Market,1.5248667169835433,1.7334661658196657
2022-02-24,0.007423052626362,0.014846105252724,Range Market,1.5361858828718997,1.7592013869694605
2022-02-25,0.0,0.0221260805512657,Crisis,1.5361858828718997,1.798125618563445
2022-02-28,0.0068147992580523,-0.0024455914631261,Inflation Shock,1.5466546812867255,1.7937281379010581
2022-03-01,-0.015594467786613,-0.015594467786613,Trend Market,1.5225354246823855,1.7657559022366187
2022-03-02,0.0,0.0184710467806521,Crisis,1.5225354246823855,1.7983712621100438
2022-03-03,-0.0026342603721228,-0.0052685207442456,Range Market,1.5185246699479915,1.7888965058097621
2022-03-04,0.0157459086883662,-0.0079656845430019,Inflation Shock,1.542435220742024,1.7746467205644032
2022-03-07,-0.0149812934072082,-0.0299625868144164,Range Market,1.5193275461384756,1.7214737141345728
2022-03-08,-0.007260043975698,-0.007260043975698,Trend Market,1.508297161340021,1.7089757392669476
2022-03-09,0.0253735981221411,0.0253735981221411,Trend Market,1.5465680873606287,1.7523386028755958
2022-03-10,0.0,-0.0043010499202472,Crisis,1.5465680873606287,1.7448017070674517
2022-03-11,-0.00652313946661905,-0.0130462789332381,Range Market,1.536479608032153,1.7220385373138598
2022-03-14,-0.0074486750955333,-0.0074486750955333,Trend Market,1.5250348706410093,1.7092116317474215
2022-03-15,0.0,0.0211826297241449,Crisis,1.5250348706410093,1.7454172288629286
2022-03-16,-0.0106869256400506,0.0221369216483934,Liquidity Expansion,1.5087369363799847,1.7840553933020231
2022-03-17,0.0122722050687002,0.0122722050687002,Trend Market,1.5272524654579624,1.8059496869425464
2022-03-18,0.0115948144118881,0.0115948144118881,Trend Market,1.544960674355046,1.8268893383998526
2022-03-21,0.0002074385102122,-0.0004347548543014,Inflation Shock,1.5452811586956705,1.8260950893917116
2022-03-22,0.0056203497770371,0.0112406995540742,Range Market,1.5539661793114052,1.846621675648734
2022-03-23,0.0082441680820088,-0.0123486302524952,Inflation Shock,1.5667773376874057,1.8238184273599045
2022-03-24,0.007121006140809,0.014242012281618,Range Market,1.577934368730358,1.8497932718018055
2022-03-25,-0.0039842350856929,0.0050533807042376,Inflation Shock,1.5716475072555418,1.8591409814283575
2022-03-28,0.00355977551002125,0.0071195510200425,Range Market,1.577242219562256,1.8723772304990887
2022-03-29,0.0,0.012182044101391,Crisis,1.577242219562256,1.8951866124954686
2022-03-30,-0.00315679449954435,-0.0063135889990887,Range Market,1.5722631899990929,1.883221183147597
2022-03-31,-0.0157763352268817,-0.0157763352268817,Trend Market,1.5474586388487808,1.8535108544558956
2022-04-01,0.0017022104807315,0.003404420961463,Range Market,1.5500927391623278,1.8598209856611043
2022-04-04,0.0040291912660668,0.0080583825321336,Range Market,1.5563383592885542,1.8748081346048513
2022-04-05,-0.00631557953700265,-0.0126311590740053,Range Market,1.546509180593979,1.8511271348234184
2022-04-06,-0.00488221695623985,-0.0097644339124797,Range Market,1.5389587872495025,1.8330519262518372
2022-04-07,0.0021221827760186,0.0042443655520372,Range Market,1.5422247390808057,1.840832068702716
2022-04-08,-0.00132727333777615,-0.0026545466755523,Range Market,1.540177785303765,1.835945494054491
2022-04-11,-0.00851066729234805,-0.0170213345846961,Range Market,1.5270698446019793,1.8046952515209242
2022-04-12,-0.0017116502652261,-0.0034233005304522,Range Market,1.5244560350974474,1.798517237309088
2022-04-13,0.00555630163445095,0.0111126032689019,Range Market,1.5329263726569078,1.8185034458395857
2022-04-14,-0.0051114641128363,-0.0122184803835081,Liquidity Expansion,1.5250908745154517,1.7962840971592526
2022-04-15,0.0,0.0,Trend Market,1.5250908745154517,1.7962840971592526
2022-04-18,-0.00010244463620325,-0.0002048892724065,Range Market,1.5249346371356352,1.7959160578175504
2022-04-19,0.0079650223746933,0.0159300447493866,Range Market,1.537080775640365,1.824525080984726
2022-04-20,-0.0017399709321988,-0.0006186664061825,Inflation Shock,1.5344062997703092,1.8233963086098834
2022-04-21,0.0,-0.014862855551311,Crisis,1.5344062997703092,1.7962954326622211
2022-04-22,-0.0281320763773669,-0.0281320763773669,Trend Market,1.491240264551258,1.7457619123542523
2022-04-25,0.0,0.0056817651441118,Crisis,1.491240264551258,1.7556809215377849
2022-04-26,-0.01427500446429885,-0.0285500089285977,Range Market,1.4699528031174465,1.7055562155521125
2022-04-27,0.0,0.0020958490249645,Crisis,1.4699528031174465,1.7091308038834996
2022-04-28,0.0014835623851351,0.0244456553408321,Inflation Shock,1.4721335698040754,1.750911626447635
2022-04-29,0.0108479724442234,-0.0369591597846941,Inflation Shock,1.4881032342035263,1.6861994038768782
2022-05-02,-0.0251929203845654,0.0056591992938186,Liquidity Expansion,1.4506135679002226,1.6957419423525355
2022-05-03,0.00241273253767975,0.0048254650753595,Range Market,1.454113510455095,1.7039246858721797
2022-05-04,0.0147126107786629,0.0294252215573258,Range Market,1.475507316562416,1.7540630472709655
2022-05-05,-0.036300677564099,-0.036300677564099,Trend Market,1.4219454012204147,1.690389370164881
2022-05-06,0.0,-0.0056903844139527,Crisis,1.4219454012204147,1.6807704048393834
2022-05-09,-0.01628075976980205,-0.0325615195396041,Range Market,1.3987950497373705,1.6260419664606176
2022-05-10,0.0012274408802046,0.0024548817604092,Range Market,1.400511987964446,1.6300337072257418
2022-05-11,-0.00830011604784885,-0.0166002320956977,Range Market,1.3888875759379378,1.602974769361984
2022-05-12,-0.0006484024970562,-0.0012968049941124,Range Market,1.3879870177655693,1.600896023675639
2022-05-13,0.0,0.0235892679568694,Crisis,1.3879870177655693,1.6386599889492106
2022-05-16,-0.0039542085177224,-0.0039542085177224,Trend Market,1.3824986276774325,1.6321803856632566
2022-05-17,0.0025882941096002,0.0199689195814626,Liquidity Expansion,1.3860769407319804,1.6647732645270066
2022-05-18,-0.0412338092912488,-0.0412338092912488,Trend Market,1.3289237084948404,1.5961283212243305
2022-05-19,-0.0029254323886739,-0.0058508647773478,Range Market,1.325036032035933,1.586789590249552
2022-05-20,0.0001461310919903,0.0001461310919903,Trend Market,1.3252296609982208,1.587021469545134
2022-05-23,0.00919249770603035,0.0183849954120607,Range Market,1.3374118316169101,1.616198851981563
2022-05-24,-0.008153950903558,-0.008153950903558,Trend Market,1.3265066412040682,1.6030204458921187
2022-05-25,0.00470319282446575,0.0094063856489315,Range Market,1.3327454577205855,1.618099074409302
2022-05-26,0.0098440830038604,0.0196881660077208,Range Market,1.345865114629405,1.6499564776032118
2022-05-27,0.012220565097911,0.024441130195822,Range Market,1.362312346875741,1.690283278689752
2022-05-30,0.0,0.0,Range Market,1.362312346875741,1.690283278689752
2022-05-31,-0.00314706759683345,-0.0062941351936669,Range Market,1.3580250578321222,1.679644407218084
2022-06-01,-0.0037554525205777,-0.0075109050411554,Range Market,1.352925059205679,1.6670287575725613
2022-06-02,0.00913161270777255,0.0182632254155451,Range Market,1.3652794468689855,1.697474079546305
2022-06-03,-0.016482405609817,-0.016482405609817,Trend Market,1.3427763572549443,1.6694956232550722
2022-06-06,0.001566244703518,0.003132489407036,Range Market,1.344879473612504,1.6747253006100116
2022-06-07,0.0047391657658599,0.0094783315317198,Range Market,1.3512530803730562,1.6905989022337522
2022-06-08,-0.00542631152007765,-0.0108526230401553,Range Market,1.3439207602164875,1.672251469635709
2022-06-09,-0.01204322883257775,-0.0240864576651555,Range Market,1.3277356149683484,1.6319728554068345
2022-06-10,0.0,-0.0295424148114094,Crisis,1.3277356149683484,1.5837604363514455
2022-06-13,0.0,-0.0395399319900399,Crisis,1.3277356149683484,1.5211386564095934
2022-06-14,0.0,-0.0037808180394896,Crisis,1.3277356149683484,1.515387507936875
2022-06-15,0.0072435294182672,0.0144870588365344,Range Market,1.3373531069550526,1.5373410159245058
2022-06-16,-0.0330522071138406,-0.0330522071138406,Trend Market,1.293150635079636,1.4865285022615669
2022-06-17,0.0021984473410133,0.0021984473410133,Trend Market,1.2959935586548565,1.4897965568947042
2022-06-20,0.0,0.0,Crisis,1.2959935586548565,1.4897965568947042
2022-06-21,0.01209123748033595,0.0241824749606719,Range Market,1.311663724545538,1.5258235248283056
2022-06-22,-0.0006512100476787,-0.0013024200953574,Range Market,1.3108095559489383,1.5238362616076002
2022-06-23,0.00474353624277825,0.0094870724855565,Range Market,1.3170274285849624,1.5382930066775908
2022-06-24,0.0150527698649505,0.030105539729901,Range Market,1.3368523393732794,1.584604147906352
2022-06-27,-0.0014887499451703,-0.0029774998903406,Range Market,1.3348621005263366,1.5798859892297277
2022-06-28,-0.01017433657474745,-0.0203486731494949,Range Market,1.3212807642347073,1.5477374056214257
2022-06-29,-0.0003559994100863,-0.0007119988201726,Range Market,1.3208103890620813,1.5466354184146862
2022-06-30,-0.0043989331231838,-0.0087978662463676,Range Market,1.3150002324921908,1.533028326871579
2022-07-01,0.00524925564831955,0.0104985112966391,Range Market,1.321903004890142,1.549122842079308
2022-07-04,0.0,0.0,Range Market,1.321903004890142,1.549122842079308
2022-07-05,-0.0208393391496992,0.0015828751061934,Liquidity Expansion,1.2943554198482299,1.551574910062471
2022-07-06,0.0,0.0035667957050661,Crisis,1.2943554198482299,1.55710906078777
2022-07-07,0.00742686159046515,0.0148537231809303,Range Market,1.303968418400311,1.5802379277392298
2022-07-08,-0.00041530819806365,-0.0008306163961273,Range Market,1.3034268696261333,1.5789253562066674
2022-07-11,-0.00579720883026275,-0.0115944176605255,Range Market,1.295870631867935,1.5606186361720134
2022-07-12,0.0,-0.0092868684974937,Crisis,1.295870631867935,1.546125376123146
2022-07-13,-0.0022334320559083,-0.0044668641118166,Range Market,1.292976392858411,1.5392190441681726
2022-07-14,-0.00150156940638215,-0.0030031388127643,Range Market,1.2910348990637206,1.5345965557152852
2022-07-15,0.0095096158293168,0.0190192316586336,Range Market,1.3033121449760574,1.5637834031109752
2022-07-18,-0.0083987424858359,-0.0083987424858359,Trend Market,1.292365961891741,1.550649589004622
2022-07-19,0.0136267588218654,0.0272535176437308,Range Market,1.3099767211640279,1.5929102449378032
2022-07-20,0.0058784939410571,0.0058784939410571,Trend Market,1.3176774113823162,1.6022741581613178
2022-07-21,0.007736953992708,0.0098130666895046,Liquidity Expansion,1.3278722208914115,1.6179973813302246
2022-07-22,-0.0046881436469069,-0.0093762872938138,Range Market,1.3216469651751352,1.602826573042234
2022-07-25,0.0006571514866529,0.0013143029733058,Range Market,1.3225154874431304,1.6049331727728768
2022-07-26,-0.00580517129963165,-0.0116103425992633,Range Market,1.314838058492107,1.586299348788061
2022-07-27,0.0129100243893145,0.025820048778629,Range Market,1.3318126498952392,1.6272576753512762
2022-07-28,0.0120603197919128,0.0120603197919128,Trend Market,1.3478747363558907,1.6468829232998574
2022-07-29,0.00705388789087675,0.0141077757817535,Range Market,1.3573824936370904,1.6701167783205708
2022-08-01,-0.00141353827245835,-0.0028270765449167,Range Market,1.3554637815319694,1.665395230349309
2022-08-02,-0.00334234418943545,-0.0066846883788709,Range Market,1.3509333550377758,1.6542625822067658
2022-08-03,0.0,0.0155174562700907,Crisis,1.3509333550377758,1.6799325294854064
2022-08-04,-0.00038882122479185,-0.0007776424495837,Range Market,1.3504080834760577,1.678626142638042
2022-08-05,-0.00081353450945955,-0.0016270690189191,Range Market,1.3493094798982967,1.675894902047008
2022-08-08,0.0,-0.0012383171221209,Crisis,1.3493094798982967,1.673819612694928
2022-08-09,-0.0042577442359264,-0.0042577442359264,Trend Market,1.343564465237779,1.6666929168869957
2022-08-10,0.0105335792302037,0.0210671584604074,Range Market,1.3577170079832475,1.7018054006718928
2022-08-11,-0.0007057229222018,-0.0007057229222018,Trend Market,1.3567588359688505,1.7006043975915117
2022-08-12,0.0085870234757463,0.0171740469514926,Range Market,1.3684093559442414,1.729810657361663
2022-08-15,0.00198084202811655,0.0039616840562331,Range Market,1.3711199587081637,1.7366636206632347
2022-08-16,0.0,0.0018739228259478,Crisis,1.3711199587081637,1.7399179942629888
2022-08-17,-0.003632057433824,-0.007264114867648,Range Market,1.3661399722694734,1.7272790300923746
2022-08-18,0.00113349480319235,0.0022669896063847,Range Market,1.367688484828474,1.7311947537009202
2022-08-19,0.0,-0.0129839287130388,Crisis,1.367688484828474,1.7087170444304807
2022-08-22,0.0,-0.0216323664664945,Crisis,1.367688484828474,1.6717534511378151
2022-08-23,0.0073546922238179,-0.0022403704344374,Inflation Shock,1.3777474126924474,1.6680081041322175
2022-08-24,0.0029119166987241,0.0029119166987241,Trend Market,1.3817592983900906,1.6728652047842472
2022-08-25,0.0056482263089466,0.013993241836107,Liquidity Expansion,1.3895637876118891,1.6962740121540019
2022-08-26,-0.01713428815851975,-0.0342685763170395,Range Market,1.365754601260303,1.6381451167138916
2022-08-29,0.0,-0.0066886751973248,Crisis,1.365754601260303,1.6271880961021088
2022-08-30,-0.0055447082460585,-0.011089416492117,Range Market,1.3581818904606027,1.6091435295934176
2022-08-31,-0.0039238691040765,-0.007847738208153,Range Market,1.3528525625029082,1.5965153924338251
2022-09-01,0.0014958761335974,0.0029917522671948,Range Market,1.3548762623634325,1.6012917709787502
2022-09-02,-0.00539727628536215,-0.0107945525707243,Range Market,1.3475636208429782,1.5840065427758518
2022-09-05,0.0,0.0,Range Market,1.3475636208429782,1.5840065427758518
2022-09-06,-0.00205173234544755,-0.0041034646908951,Range Market,1.3447987809745463,1.5775066278574243
2022-09-07,0.0,0.0181748486661698,Crisis,1.3447987809745463,1.6061775720886127
2022-09-08,0.0032944834402212,0.0065889668804424,Range Market,1.3492291982888964,1.616760622915214
2022-09-09,0.0047894205732026,0.015156014981211,Inflation Shock,1.355691224369147,1.6412642711371492
2022-09-12,0.0105286514839956,0.0105286514839956,Trend Market,1.369964824790441,1.6585445706410862
2022-09-13,-0.044199163031974,-0.044199163031974,Trend Market,1.3094135261514586,1.5852382887675254
2022-09-14,0.0,0.0033812890788447,Crisis,1.3094135261514586,1.5905984376807014
2022-09-15,-0.0185019557629872,-0.0113822721681495,Liquidity Expansion,1.2851868150151473,1.5724938133527864
2022-09-16,-0.00360402488783155,-0.0072080497756631,Range Market,1.2805549697483198,1.5611591996742171
2022-09-19,0.00341684886235285,0.0068336977247057,Range Market,1.2849304325398847,1.5718276897449341
2022-09-20,-0.0056680573683002,-0.0113361147366004,Range Market,1.277647373133974,1.55400927070782
2022-09-21,-0.00863233704925315,-0.0172646740985063,Range Market,1.2666182903789887,1.527179807102992
2022-09-22,0.0,-0.0084632938304539,Crisis,1.2666182903789887,1.5142548356635437
2022-09-23,-0.0153798147774759,-0.0173828287673307,Liquidity Expansion,1.2471379356791967,1.4879328031451018
2022-09-26,0.0,-0.0103943608902805,Crisis,1.2471379356791967,1.472466692608725
2022-09-27,0.0,-0.0021226109548247,Crisis,1.2471379356791967,1.4693412186763792
2022-09-28,0.00974057209057615,0.0194811441811523,Range Market,1.2592857726485722,1.4979656668087238
2022-09-29,-0.0213527948230975,-0.0213527948230975,Trend Market,1.2323965019215615,1.4659799132733127
2022-09-30,-0.0151813515462093,-0.0151813515462093,Trend Market,1.2136870573815717,1.4437243568502292
2022-10-03,0.0,0.0255545775309301,Crisis,1.2136870573815717,1.4806181228606505
2022-10-04,0.0301253414167998,0.0301253414167998,Trend Market,1.2502497943583428,1.525222249319729
2022-10-05,-0.0020199875589381,-0.0020199875589381,Trend Market,1.2477243053281741,1.5221413193514877
2022-10-06,-0.0051489614556976,-0.0102979229113952,Range Market,1.2412998209727022,1.5064664253845568
2022-10-07,0.0,-0.028403196531478,Crisis,1.2412998209727022,1.463677963436286
2022-10-10,-0.019716744595091,-0.0075206731336527,Liquidity Expansion,1.2168254294366512,1.4526701199003513
2022-10-11,-0.00327025920616185,-0.0065405184123237,Range Market,1.212846094873744,1.4431689042341105
2022-10-12,-0.0016480998250831,-0.0032961996501662,Range Market,1.21084720343693,1.438411931396843
2022-10-13,0.01281712965381555,0.0256342593076311,Range Market,1.226366789034341,1.4752845558374603
2022-10-14,-0.017091365852745,-0.0239471207445284,Liquidity Expansion,1.205406505573299,1.4399557384462827
2022-10-17,0.0130677622787809,0.0261355245575618,Range Market,1.2211584712374268,1.4775897370102475
2022-10-18,0.0113627682070874,0.0113627682070874,Trend Market,1.235034211890219,1.4943792466970662
2022-10-19,-0.00334722761984215,-0.0066944552396843,Range Market,1.23090027126473,1.4843751917189396
2022-10-20,0.0,-0.0079826867387666,Crisis,1.23090027126473,1.4725258895606508
2022-10-21,0.0117238799302236,0.0234477598604472,Range Market,1.245331198251117,1.5070533230073604
2022-10-24,0.0118119402051114,0.0118119402051114,Trend Market,1.260040975900419,1.5248545467446377
2022-10-25,0.00806788500793745,0.0161357700158749,Range Market,1.2702068415992729,1.5494592490185704
2022-10-26,-0.0074151403989898,-0.0074151403989898,Trend Market,1.2607880795330568,1.5379697911445842
2022-10-27,-0.0061011850531844,-0.0061011850531844,Trend Market,1.2530957781469767,1.5285863528426038
2022-10-28,0.01216401838542815,0.0243280367708563,Range Market,1.2683384582310588,1.5657738578419877
2022-10-31,-0.0037411635151682,-0.0074823270303364,Range Market,1.26359339666624,1.5540582257820625
2022-11-01,-0.0020548318601795,-0.004109663720359,Range Market,1.2609969246964579,1.5476715690722405
2022-11-02,-0.0126599218687414,-0.0253198437374828,Range Market,1.2450328021530774,1.5084847667863865
2022-11-03,-0.00532121126597825,-0.0106424225319565,Range Market,1.238407719579748,1.492430834515226
2022-11-04,0.0,0.0135268232855639,Crisis,1.238407719579748,1.51261868267964
2022-11-07,0.0095680616793591,0.0095680616793591,Trend Market,1.2502568810248817,1.5270915115328698
2022-11-08,0.0055822828287603,0.0055822828287603,Trend Market,1.2572361685433664,1.5356161682556455
2022-11-09,-0.0209967847123034,-0.0209967847123034,Trend Market,1.23083825137994,1.5033731661700496
2022-11-10,0.0,0.0539525156647976,Crisis,1.23083825137994,1.5844839304678755
2022-11-11,0.009198312304769,0.009198312304769,Trend Market,1.2421598860127885,1.5990585085022069
2022-11-14,-0.008975940544918,-0.008975940544918,Trend Market,1.2310103327286555,1.5847054544020458
2022-11-15,0.00433768820733455,0.0086753764146691,Range Market,1.2363500717320395,1.598453370725363
2022-11-16,-0.00414314155593685,-0.0082862831118737,Range Market,1.2312276983721608,1.5852081335544037
2022-11-17,-0.0015470523221146,-0.0030941046442292,Range Market,1.2293229247023423,1.580303333706303
2022-11-18,0.0023736478240791,0.0047472956481582,Range Market,1.2322409043876523,1.587805500845177
2022-11-21,-0.0019456249001378,-0.0038912498002756,Range Market,1.2298434258011073,1.5816269530071367
2022-11-22,0.0,0.0134886062698283,Crisis,1.2298434258011073,1.6029608962419981
2022-11-23,0.00294863302086915,0.0058972660417383,Range Market,1.2334697827369234,1.6124139831016404
2022-11-24,0.0,0.0,Trend Market,1.2334697827369234,1.6124139831016404
2022-11-25,-0.0001415421311012,-0.0002830842622024,Range Market,1.233295194795226,1.6119575340788692
2022-11-28,-0.0077823483970324,-0.0155646967940648,Range Market,1.2236972619129436,1.5868679038160232
2022-11-29,-0.00079656685081215,-0.0015931337016243,Range Market,1.222722505238674,1.584339811078428
2022-11-30,0.01523932176064745,0.0304786435212949,Range Market,1.2413559669199912,1.632628339396883
2022-12-01,-0.0008680098296065,-0.0008680098296065,Trend Market,1.2402784577386639,1.6312112019501923
2022-12-02,-0.0011953746637614,-0.0011953746637614,Trend Market,1.238795860294274,1.6292612934081372
2022-12-05,-0.0159967487215729,-0.0180562496309722,Liquidity Expansion,1.2189791541998218,1.5998429447802793
2022-12-06,0.0,-0.014503869422986,Crisis,1.2189791541998218,1.5766390316119008
2022-12-07,-0.0009320536266908,-0.0018641072533816,Range Market,1.2178430002582894,1.5737000073571086
2022-12-08,0.0037468172069666,0.0074936344139332,Range Market,1.222406035367041,1.5854927398894467
2022-12-09,-0.0036883597321066,-0.0073767194642132,Range Market,1.2178973621699092,1.5737970047347354
2022-12-12,0.007089153649825,0.01417830729965,Range Market,1.2265312237000483,1.596110782295133
2022-12-13,0.0036316116277286,0.0072632232554572,Range Market,1.2309855087538095,1.6077036912473852
2022-12-14,-0.0060711166238359,-0.0060711166238359,Trend Market,1.2235120521679133,1.597943134641251
2022-12-15,-0.0169056104459163,-0.025237477901826,Liquidity Expansion,1.202827834038079,1.5576150800923678
2022-12-16,0.0,-0.0112002399460116,Crisis,1.202827834038079,1.5401694174518072
2022-12-19,-0.0045241644705519,-0.0090483289411038,Range Market,1.1973860430871328,1.526233457937675
2022-12-20,0.00051840034894535,0.0010368006978907,Range Market,1.1980067684296916,1.527815857852009
2022-12-21,0.0,0.0147585486690542,Inflation Shock,1.1980067684296916,1.5503642025474706
2022-12-22,-0.0072785712490728,-0.0145571424981456,Range Market,1.1892869908088046,1.5277953299269633
2022-12-23,0.0029254761359575,0.005850952271915,Range Market,1.1927662215192203,1.5367343874836206
2022-12-26,0.0,0.0,Range Market,1.1927662215192203,1.5367343874836206
2022-12-27,-0.0020289220173297,-0.0040578440346594,Range Market,1.1903461918708527,1.5304985590165143
2022-12-28,-0.0060467352214743,-0.0120934704429486,Range Market,1.1831484836267194,1.5119895199300726
2022-12-29,0.00865531715749715,0.0173106343149943,Range Market,1.1933890089969206,1.5381630175976857
2022-12-30,-0.0012719878230554,-0.0025439756461108,Range Market,1.1918710327093083,1.534249968341169
2023-01-02,0.0,0.0,Range Market,1.1918710327093083,1.534249968341169
2023-01-03,-0.0020042862406368,-0.0040085724812736,Range Market,1.1894821819978354,1.5280998161386816
2023-01-04,0.0,0.0075106945621389,Crisis,1.1894821819978354,1.5395769071181598
2023-01-05,-0.0117138691364571,-0.0117138691364571,Trend Market,1.1755487433777654,1.5215425047026663
2023-01-06,0.0,0.0225838355890308,Crisis,1.1755487433777654,1.5559047704705935
2023-01-09,-0.0007679273259905,-0.0007679273259905,Trend Market,1.1746460073746918,1.55470994868071
2023-01-10,0.00347699898529685,0.0069539979705937,Range Market,1.1787302503504165,1.5655213985086975
2023-01-11,0.0063837855961468,0.0127675711922936,Range Market,1.186255011544346,1.5855093044172164
2023-01-12,0.00170504245602135,0.0034100849120427,Range Market,1.1882776267026973,1.5909160257741128
2023-01-13,0.001994446072328,0.003988892144656,Range Market,1.1906475823481097,1.5972620182121307
2023-01-16,0.0,0.0,Range Market,1.1906475823481097,1.5972620182121307
2023-01-17,-0.00101627771549815,-0.0020325554309963,Range Market,1.1894375537431576,1.5940154946222893
2023-01-18,-0.0078424834888723,-0.0156849669777446,Range Market,1.1801094093668822,1.5690134142271255
2023-01-19,-0.0038338359509062,-0.0076676719018124,Range Market,1.1755850634872487,1.5569827341572895
2023-01-20,0.00937083677617595,0.0187416735523519,Range Market,1.1866012792336982,1.5861631962875138
2023-01-23,0.00590565797566425,0.0118113159513285,Range Market,1.193608940542338,1.6048978709492345
2023-01-24,-0.0003558781821459,-0.0007117563642918,Range Market,1.1931841611623848,1.603755574675548
2023-01-25,-9.08707867328e-05,-0.0001817415734656,Range Market,1.193075735578943,1.6034641056139523
2023-01-26,0.00547385401455715,0.0109477080291143,Range Market,1.1996064579838124,1.6210183624773786
2023-01-27,0.0012458670108519,0.0024917340217038,Range Market,1.2011010080958193,1.6250575090809702
2023-01-30,-0.002959862564306,-0.0130535693152926,Liquidity Expansion,1.1975459141860063,1.603844708244845
2023-01-31,0.0,0.0145363044164195,Crisis,1.1975459141860063,1.6271586831605556
2023-02-01,0.00519902814844235,0.0103980562968847,Range Market,1.2037719891029115,1.6440779707520237
2023-02-02,0.0145923846268543,0.0145923846268543,Trend Market,1.2213378929709346,1.6680689888577753
2023-02-03,0.0,-0.0104085926372854,Crisis,1.2213378929709346,1.650706738261866
2023-02-06,0.0,-0.0061593931939392,Crisis,1.2213378929709346,1.6405393864130264
2023-02-07,0.0029428310618131,0.012790364037397,Inflation Shock,1.224932084059339,1.6615224823829369
2023-02-08,-0.00557128650620565,-0.0111425730124113,Range Market,1.2181076364684007,1.643008846811222
2023-02-09,-0.00443450491551865,-0.0088690098310373,Range Market,1.2127059321668507,1.628436985196372
2023-02-10,0.00109642785460855,0.0021928557092171,Range Market,1.2140355767303277,1.63200791253646
2023-02-13,0.00569178497557755,0.0113835699511551,Range Market,1.220945606185778,1.6505859887696572
2023-02-14,-0.00014022692774685,-0.0002804538554937,Range Market,1.2207743967344766,1.650123075565283
2023-02-15,0.0013846687665383,0.0027693375330766,Range Market,1.2224647649126243,1.6546928233326417
2023-02-16,0.0,-0.0138846892048816,Crisis,1.2224647649126243,1.6317179277511198
2023-02-17,-0.00138562108614135,-0.0027712421722827,Range Market,1.2207708919572966,1.627196042216466
2023-02-20,0.0,0.0,Range Market,1.2207708919572966,1.627196042216466
2023-02-21,-0.0040289837072367,-0.0202447839734716,Liquidity Expansion,1.2158524259233319,1.5942538098593055
2023-02-22,-0.00078739774282165,-0.0015747954856433,Range Market,1.2148950664675555,1.5917431861565694
2023-02-23,0.00265763913161885,0.0053152782632377,Range Market,1.2181238191370105,1.6002037441146042
2023-02-24,-0.00529673230988705,-0.0105934646197741,Range Market,1.2116717433467445,1.583252042366896
2023-02-27,0.0,0.0030682925395522,Crisis,1.2116717433467445,1.5881099227967213
2023-02-28,-0.00152030991547385,-0.0030406198309477,Range Market,1.2098296267810351,1.5832810842717406
2023-03-01,-0.0023682321017464,-0.0047364642034928,Range Market,1.2069644694212485,1.5757819300920202
2023-03-02,0.00377679686559795,0.0075535937311959,Range Market,1.2115229290462468,1.587684746600895
2023-03-03,0.0080093745882415,0.016018749176483,Range Market,1.2212264700072217,1.6131174703280227
2023-03-06,0.00034346538942415,0.0006869307788483,Range Market,1.2216459190323177,1.614225570368289
2023-03-07,-0.0185706355718125,-0.0154455904792625,Liquidity Expansion,1.1989591778721767,1.5892929032672265
2023-03-08,0.0,0.0014137941356032,Crisis,1.1989591778721767,1.5915398362536215
2023-03-09,-0.00931592897274115,-0.0186318579454823,Range Market,1.1877897593299034,1.561886492109968
2023-03-10,-0.0072919847180333,-0.0145839694360666,Range Market,1.1791284145566332,1.539107987246431
2023-03-13,-0.0015109018407387,-0.0015109018407387,Trend Market,1.1773468672646124,1.5367825461554048
2023-03-14,0.0081711941176818,0.0163423882353636,Range Market,1.1869671970608762,1.5618972431580067
2023-03-15,-0.00350268196467675,-0.0070053639293535,Range Market,1.1828096284670682,1.550955584549431
2023-03-16,0.0,0.0174095762490317,Crisis,1.1828096284670682,1.5779570640575056
2023-03-17,0.0261278225162686,-0.0110806212739537,Liquidity Expansion,1.2137138685101894,1.5604723194441243
2023-03-20,0.0044394348179704,0.0088788696359408,Range Market,1.219102072117107,1.5743275497389628
2023-03-21,0.00644932375927955,0.0128986475185591,Range Market,1.2269644560757988,1.5946342458818026
2023-03-22,-0.0083001243199214,-0.0166002486398428,Range Market,1.216780498554245,1.5681629209105565
2023-03-23,0.0238553660380627,0.0029800838691824,Liquidity Expansion,1.245807242735233,1.572836177935412
2023-03-24,0.0028119815421516,0.0056239630843032,Range Market,1.2493104297068833,1.5816817505377774
2023-03-27,0.0008227997818835,0.001645599563767,Range Market,1.250338362055951,1.5842845653364805
2023-03-28,-0.0007875416441939,-0.0015750832883878,Range Market,1.2493536685264988,1.5817891851935681
2023-03-29,0.0070684353875234,0.0141368707750468,Range Market,1.2581846442086437,1.6041507344980164
2023-03-30,0.0028494995997413,0.0056989991994826,Range Market,1.2617698408487168,1.61329278824977
2023-03-31,0.00716666389101825,0.0143333277820365,Range Market,1.270812521205903,1.6364166425921498
2023-04-03,0.0,0.0036920225658028,Crisis,1.270812521205903,1.6424583297636552
2023-04-04,-0.0058138397451625,-0.0058138397451625,Trend Market,1.2634242208614659,1.6329093402463022
2023-04-05,-0.0012477408285607,-0.0024954816571214,Range Market,1.2618477948773046,1.6288344449399752
2023-04-06,0.0017863865664016,0.0035727731328032,Range Market,1.264101942826917,1.6346539008826413
2023-04-07,0.0,0.0,Range Market,1.264101942826917,1.6346539008826413
2023-04-10,0.000497903508505,0.00099580701701,Range Market,1.2647313436193586,1.636281700707523
2023-04-11,-2.067666649176041e-05,-4.135333298352082e-05,Range Market,1.2647051931911648,1.6362140350054988
2023-04-12,-0.00207172816173065,-0.0041434563234613,Range Market,1.2620850678261437,1.6294344536156191
2023-04-13,0.0131755104978315,0.0131755104978315,Trend Market,1.2787136828864434,1.65090308436476
2023-04-14,-0.0020715175845779,-0.0020715175845779,Trend Market,1.2760648050067038,1.6474832095950647
2023-04-17,0.0,0.0033007035826147,Crisis,1.2760648050067038,1.6529210633272726
2023-04-18,0.00042742740173295,0.0008548548034659,Range Market,1.2766102300707505,1.6543340708380079
2023-04-19,-4.213277396981413e-05,-8.426554793962826e-05,Range Market,1.2765564429404794,1.6541946674710535
2023-04-20,0.0061956951669839,-0.0059703351883111,Liquidity Expansion,1.284465597524388,1.6443185708395345
2023-04-21,0.0004513906286504,0.0009027812573008,Range Market,1.2850453932579342,1.64580303082632
2023-04-24,0.00042560838913615,0.0008512167782723,Range Market,1.2855923193577254,1.647203965979891
2023-04-25,0.0024604086846927,-0.0159371838185764,Liquidity Expansion,1.2887554018652474,1.6209521735873813
2023-04-26,0.0,-0.0038485835033448,Crisis,1.2887554018652474,1.614713803792402
2023-04-27,0.00968859670134815,0.0193771934026963,Range Market,1.3012416332006038,1.6460024254584908
2023-04-28,0.000100477975901,0.0082193313132434,Inflation Shock,1.301372379326066,1.6595314647357366
2023-05-01,-0.00019309052425535,-0.0003861810485107,Range Market,1.3011210966510907,1.6588905851346485
2023-05-02,0.0154592086638971,-0.0116539066805717,Liquidity Expansion,1.3212353991812187,1.6395580290622105
2023-05-03,-0.00351145402744645,-0.0070229080548929,Range Market,1.316595941817559,1.6280435637734452
2023-05-04,-0.0072449134550627,-0.0072449134550627,Trend Market,1.3070573181638039,1.6162485290528346
2023-05-05,0.00915308319093985,0.0183061663818797,Range Market,1.319020922532284,1.6458358435401441
2023-05-08,0.0044019282459867,0.000452026484882,Inflation Shock,1.3248271579882263,1.6465798049311924
2023-05-09,-0.00229496947452975,-0.0045899389490595,Range Market,1.3217867201016151,1.639022104151804
2023-05-10,0.0022369711209572,0.0044739422419144,Range Market,1.3247435188225472,1.6463549943790003
2023-05-11,-0.00084903244485335,-0.0016980648897067,Range Market,1.3236187685939576,1.643559376767052
2023-05-12,0.0,-0.001584561589439,Crisis,1.3236187685939576,1.6409550557086647
2023-05-15,0.0,0.0029537976803169,Crisis,1.3236187685939576,1.6458021049457212
2023-05-16,-0.0031990538409587,-0.0063981076819174,Range Market,1.319384440888322,1.6352720858551522
2023-05-17,0.00591034431103575,0.0118206886220715,Range Market,1.3271824572125954,1.6546021279944114
2023-05-18,0.00470036153186355,0.0094007230637271,Range Market,1.3334206945802416,1.6701565843803405
2023-05-19,0.0,-0.0014469138806754,Crisis,1.3334206945802416,1.6677400116354992
2023-05-22,7.751133990115e-05,0.0001550226798023,Range Market,1.3335240498049306,1.6679985491613167
2023-05-23,-0.0056427343841421,-0.0112854687682842,Range Market,1.325999327797016,1.6491744036292133
2023-05-24,-0.0036727563391526,-0.0073455126783052,Range Market,1.3211292553601373,1.6370603721386185
2023-05-25,0.0,0.0087194560790118,Crisis,1.3211292553601373,1.651334648152172
2023-05-26,0.00648234046582035,0.0129646809316407,Range Market,1.3296932649927373,1.6727436749768279
2023-05-29,0.0,0.0,Range Market,1.3296932649927373,1.6727436749768279
2023-05-30,8.30156533288418e-06,1.660313066576836e-05,Range Market,1.3297043035282494,1.672771447758634
2023-05-31,-0.003063679093107,-0.006127358186214,Range Market,1.3256305162535156,1.662521777934545
2023-06-01,0.0049031075429269,0.0098062150858538,Range Market,1.3321302252368923,1.678824824073887
2023-06-02,0.0144298123901074,0.0144298123901074,Trend Market,1.3513526144662522,1.7030499513211284
2023-06-05,0.0028641465728216,-0.0020055914906577,Inflation Shock,1.3552230864256494,1.6996343288305937
2023-06-06,0.00117556511692525,0.0023511302338505,Range Market,1.3568162394117032,1.7036303904875978
2023-06-07,-0.0019096469632103,-0.0038192939264206,Range Market,1.3542251994004761,1.697123725284343
2023-06-08,0.0030847858037616,0.0061695716075232,Range Market,1.358402694070683,1.7075942516343112
2023-06-09,0.0011474010230505,0.0011474010230505,Trend Market,1.3599613267115744,1.7095535470255916
2023-06-12,0.00463898749087705,0.0092779749817541,Range Market,1.366270170294266,1.7254147420648642
2023-06-13,0.0034542853629544,0.0069085707259088,Range Market,1.3709896573453546,1.7373348918419451
2023-06-14,0.00040954499006325,0.0008190899801265,Range Market,1.3715511392909487,1.7387579254439771
2023-06-15,0.00605229024679495,0.0121045804935899,Range Market,1.3798521648742599,1.7598048607113812
2023-06-16,-0.003678376467751,-0.003678376467751,Trend Market,1.374776549142011,1.7533316359239066
2023-06-19,0.0,0.0,Range Market,1.374776549142011,1.7533316359239066
2023-06-20,-0.002373176917618,-0.004746353835236,Range Market,1.3715139611687046,1.7450097035892986
2023-06-21,-0.0026295431834626,-0.0052590863669252,Range Market,1.3679075059810897,1.735832546847
2023-06-22,0.00185196519366725,0.0037039303873345,Range Market,1.3704408230703229,1.7422619497645908
2023-06-23,-0.00384414402825105,-0.0076882880565021,Range Market,1.3651726511642457,1.7288669380249175
2023-06-26,-0.00224846718156605,-0.0044969343631321,Range Market,1.3621031052609314,1.7210923368820303
2023-06-27,0.00569536676209035,0.0113907335241807,Range Market,1.3698607820131745,1.740696841061963
2023-06-28,-0.0001770696941949,-0.0003541393883898,Range Market,1.3696182211834138,1.7400803917472973
2023-06-29,0.0,0.00446356811449,Crisis,1.3696182211834138,1.74784735910055
2023-06-30,0.0060971751309429,0.0121943502618858,Range Market,1.3779690233404995,1.769161222001734
2023-07-03,0.0005849965463368,0.0011699930926736,Range Market,1.3787751304601126,1.7712311284113023
2023-07-04,0.0,0.0,Range Market,1.3787751304601126,1.7712311284113023
2023-07-05,-0.00098512904880635,-0.0019702580976127,Range Market,1.3774168590273246,1.7677413459378062
2023-07-06,-0.00397703058794735,-0.0079540611758947,Range Market,1.3719388300466184,1.7536806231290585
2023-07-07,-0.0014346063978667,-0.0028692127957334,Range Market,1.3699706378235517,1.748648940245547
2023-07-10,0.0024021386106263,0.0024021386106263,Trend Market,1.373261497188092,1.7528494373813417
2023-07-11,0.0033597919991274,0.0067195839982548,Range Market,1.3778753701790545,1.7646278564121192
2023-07-12,0.0073839052353896,0.0073839052353896,Trend Market,1.388049471338634,1.777657701279595
2023-07-13,0.0084344829896271,0.0084344829896271,Trend Market,1.3997569509934005,1.7926513249224174
2023-07-14,-0.0010249321969074,-0.0010249321969074,Trend Market,1.3983222950264824,1.7908139788616757
2023-07-17,0.0,0.0038479695744204,Crisis,1.3983222950264824,1.7977049765657822
2023-07-18,0.0126222802195776,0.0070920669414283,Inflation Shock,1.4159723108715896,1.8104544206005255
2023-07-19,0.0011775674136168,0.0023551348272336,Range Market,1.4176397137234555,1.814718284859601
2023-07-20,0.0,-0.0067798273962576,Crisis,1.4176397137234555,1.8024148081154203
2023-07-21,0.0,0.000324042014613,Crisis,1.4176397137234555,1.8029988662410101
2023-07-24,0.0020130192484374,0.0040260384968748,Range Market,1.42049344975453,1.8102578090863182
2023-07-25,0.00140535978791935,0.0028107195758387,Range Market,1.4224897541278179,1.8153459361476318
2023-07-26,-7.772548933795e-05,-0.0001554509786759,Range Market,1.4223791904156,1.8150637388452224
2023-07-27,-0.0032226965275985,-0.006445393055197,Range Market,1.4177952939377192,1.8033649396281295
2023-07-28,0.0,0.0098293758104338,Crisis,1.4177952939377192,1.8210908913430945
2023-07-31,0.00073381771828435,0.0014676354365687,Range Market,1.4188356972453107,1.8237635888684423
2023-08-01,-0.0152386100770674,-0.0026686453076827,Liquidity Expansion,1.3972146132915653,1.8188966107246858
2023-08-02,0.0,-0.0139362006383361,Crisis,1.3972146132915653,1.793548102617237
2023-08-03,0.0,-0.0025512254502915,Crisis,1.3972146132915653,1.788972357051518
2023-08-04,-0.00265708468696895,-0.0053141693739379,Range Market,1.3935020957381792,1.7794654549408533
2023-08-07,0.00449180948242825,0.0089836189648565,Range Market,1.3997614416655995,1.7954514945491669
2023-08-08,-0.0021136025500294,-0.0042272051000588,Range Market,1.3968029023130624,1.7878617528345004
2023-08-09,-0.0070636191020451,-0.0070636191020451,Trend Market,1.3869364186504918,1.7752329784053629
2023-08-10,0.0001253412605404,0.0002506825210808,Range Market,1.3871102590094948,1.7756779982838955
2023-08-11,-0.0005351324496147,-0.0010702648992294,Range Market,1.3863679712987054,1.7737775524499984
2023-08-14,0.0028670024397095,0.005734004879419,Range Market,1.3903426916547539,1.7839484015907505
2023-08-15,-0.0058090696980482,-0.0116181393960964,Range Market,1.3822660940547595,1.763222240385626
2023-08-16,-0.00379204089631225,-0.0075840817926245,Range Market,1.377024484496518,1.7498498186959668
2023-08-17,-0.0038714056887645,-0.007742811377529,Range Market,1.3716934640736702,1.7363010616108006
2023-08-18,-7.43589419786e-05,-0.0001487178839572,Range Market,1.3715914663989628,1.736042842591005
2023-08-21,0.00342781742989985,0.0068556348597997,Range Market,1.376293031534187,1.7479445184207776
2023-08-22,-0.0013906655232728,-0.0027813310465456,Range Market,1.3743790682653119,1.7430829060640545
2023-08-23,0.00549216535539565,0.0109843307107913,Range Market,1.3819273853692196,1.7622295051605892
2023-08-24,-0.006774676992004,-0.013549353984008,Range Market,1.3725652737069385,1.738352433794105
2023-08-25,0.0066955010602951,0.0066955010602951,Trend Market,1.3817552859523676,1.74999157435774
2023-08-28,0.0031225392970982,0.0062450785941964,Range Market,1.386069871131727,1.7609204092787856
2023-08-29,0.00720203435602825,0.0144040687120565,Range Market,1.3960523939634732,1.7862848278505
2023-08-30,0.0,0.0038258541811929,Crisis,1.3960523939634732,1.7931188931279332
2023-08-31,-0.0007991064871699,-0.0015982129743398,Range Market,1.394936799439028,1.7902531072484023
2023-09-01,0.00089875638275925,0.0017975127655185,Range Market,1.3961905077910695,1.7934711100621905
2023-09-04,0.0,0.0,Trend Market,1.3961905077910695,1.7934711100621905
2023-09-05,-0.0070357753538675,-0.0042029978213812,Liquidity Expansion,1.3863672250270493,1.785933154893889
2023-09-06,-0.0069960144914322,-0.0069960144914322,Trend Market,1.3766681798303135,1.7734387406615222
2023-09-07,-0.00160821655786645,-0.0032164331157329,Range Market,1.3744541992688226,1.7677345935673348
2023-09-08,0.0007128030311285,0.001425606062257,Range Market,1.3754339143882088,1.7702546867203859
2023-09-11,0.00335047574906775,0.0067009514981355,Range Market,1.3800422723628116,1.7821170775154462
2023-09-12,-0.00285608451150195,-0.0057121690230039,Range Market,1.3761007550034983,1.7719373235498963
2023-09-13,0.0006204310587673,0.0012408621175346,Range Market,1.3769545306518953,1.7741360534493351
2023-09-14,0.0041972927668331,0.0083945855336662,Range Market,1.3827340119436584,1.7890291902983766
2023-09-15,-0.00611707292124695,-0.0122341458424939,Range Market,1.3742757271619106,1.7671419462677873
2023-09-18,0.00036051384708775,0.0007210276941755,Range Market,1.374771172591269,1.7684161045505857
2023-09-19,-0.00107666368076655,-0.0021533273615331,Range Market,1.3732910064003752,1.7646081257660813
2023-09-20,-0.0047196021031455,-0.009439204206291,Range Market,1.3668096192783372,1.747951629322895
2023-09-21,-0.016536918318488,-0.016536918318488,Trend Market,1.3442068002474077,1.7190458960041142
2023-09-22,-0.00114911870138035,-0.0022982374027607,Range Market,1.3426621470747206,1.7150951204288551
2023-09-25,0.0020074971019033,0.0040149942038066,Range Market,1.3453575374438085,1.721981217396354
2023-09-26,-0.00742208274113245,-0.0148441654822649,Range Market,1.3353721824844944,1.6964198432479707
2023-09-27,0.0002292877722947,0.0002292877722947,Trend Market,1.3356783669974006,1.6968088115747055
2023-09-28,0.0029379385715003,0.0058758771430006,Range Market,1.3396025079909208,1.7067790516866792
2023-09-29,0.0,-0.0027132596482893,Crisis,1.3396025079909208,1.7021481169571924
2023-10-02,-0.0098421042458859,7.936440615299324e-05,Liquidity Expansion,1.3264180004592239,1.7022832069316791
2023-10-03,-0.0138393958634491,-0.0138393958634491,Trend Market,1.3080611766704642,1.67872463575925
2023-10-04,0.00403852380391445,0.0080770476078289,Range Market,1.3133438128694241,1.6922837745627126
2023-10-05,-0.0013048811469951,-0.0013048811469951,Trend Market,1.311630055288488,1.69007554536992
2023-10-06,0.0117456420939611,0.0117456420939611,Trend Market,1.327035992477589,1.7099265678375912
2023-10-09,0.0062840681193874,0.0062840681193874,Trend Market,1.335375177051197,1.720671862869033
2023-10-10,0.0051944760999853,0.0051944760999853,Trend Market,1.3423117514929033,1.7296098517366234
2023-10-11,0.004283819500095,0.004283819500095,Trend Market,1.3480619727491552,1.7370191881470491
2023-10-12,-0.0018706079095983,-0.0062660249406549,Liquidity Expansion,1.345540277360302,1.7261349825917236
2023-10-13,0.0,-0.0050314956602198,Crisis,1.345540277360302,1.7174499419178597
2023-10-16,0.00526932115129495,0.0105386423025899,Range Market,1.3526303612037158,1.7355495325283359
2023-10-17,-4.912493972188254e-05,-9.824987944376509e-05,Range Market,1.3525639133187557,1.7353790149959964
2023-10-18,0.0168132365217318,-0.0134904082511518,Inflation Shock,1.375304890304143,1.7119680436132187
2023-10-19,-0.00425951616402895,-0.0085190323280579,Range Market,1.3694467568934243,1.6973837325050756
2023-10-20,-0.00633257459807795,-0.0126651491961559,Range Market,1.360774633147301,1.6758861142897707
2023-10-23,-0.00084349603271745,-0.0016869920654349,Range Market,1.3596268251428185,1.6730589077123914
2023-10-24,0.0072395235196288,0.0072395235196288,Trend Market,1.3694698755213581,1.6851710570244998
2023-10-25,0.0,-0.014443434657238,Crisis,1.3694698755213581,1.6608313989760977
2023-10-26,0.0,-0.0119030812055848,Crisis,1.3694698755213581,1.6410623879653001
2023-10-27,-0.00240591928931035,-0.0048118385786207,Range Market,1.3661750415317118,1.6331658606569655
2023-10-30,0.00596923715014295,0.0119384743002859,Range Market,1.374330064343221,1.652663369312523
2023-10-31,0.0064540848216882,0.0064540848216882,Trend Market,1.3832001071514886,1.6633297988797633
2023-11-01,0.0,0.0104511949901918,Crisis,1.3832001071514886,1.6807135829408522
2023-11-02,0.0186829389340864,0.0186829389340864,Trend Market,1.4090423502870215,1.7121142521766255
2023-11-03,0.0093498835445514,0.0093498835445514,Trend Market,1.4222167321715462,1.7281223210494436
2023-11-06,0.0017514577241005,0.0017514577241005,Trend Market,1.424707684652453,1.7311490542368362
2023-11-07,0.00141804670085595,0.0028360934017119,Range Market,1.4267279866843585,1.7360587546469373
2023-11-08,0.0005022055162099,0.0010044110324198,Range Market,1.4274444973494023,1.7378024712130338
2023-11-09,-0.00405834534953435,-0.0081166906990687,Range Market,1.421651434611866,1.7236972660581202
2023-11-10,0.0077478796353861,0.0154957592707722,Range Market,1.4326662188107127,1.7504072639486452
2023-11-13,-0.000418094220685,-0.00083618844137,Range Market,1.4320672293444574,1.7489435936268412
2023-11-14,0.0083434305950576,0.0188953704745772,Liquidity Expansion,1.4440155828799492,1.7819905307675585
2023-11-15,0.0015957382078471,0.0015957382078471,Trend Market,1.4463198537182773,1.7848341211435261
2023-11-16,0.0120691367791111,0.0011897193967137,Liquidity Expansion,1.463775685859147,1.786957572917367
2023-11-17,0.00064061396858895,0.0012812279371779,Range Market,1.4647134010103895,1.7892470728823404
2023-11-20,0.0073631037937956,0.0073631037937956,Trend Market,1.4754982378101924,1.802421484792718
2023-11-21,-0.0020229759317579,-0.0020229759317579,Trend Market,1.472513340387751,1.798775229510099
2023-11-22,0.00202645254715665,0.0040529050943133,Range Market,1.475497318797102,1.8060654948013048
2023-11-23,0.0,0.0,Range Market,1.475497318797102,1.8060654948013048
2023-11-24,0.0002983478048225,0.000596695609645,Range Market,1.4759375301831865,1.8071431661527841
2023-11-27,-0.00097803465844915,-0.0019560693168983,Range Market,1.4744940121249615,1.8036082688542303
2023-11-28,0.0137728462905455,0.0009796385280502,Inflation Shock,1.4948019915102884,1.80537515300391
2023-11-29,-0.0009466966151019,-0.0009466966151019,Trend Market,1.493386867524678,1.803666010457572
2023-11-30,0.0018884656324973,0.0037769312649946,Range Market,1.4962070773000211,1.8104783330040772
2023-12-01,0.0160135930820849,0.0058565589538466,Liquidity Expansion,1.5201667286024392,1.8210815060959775
2023-12-04,-0.0054231880638269,-0.0054231880638269,Trend Market,1.5119225785448556,1.8112054386088619
2023-12-05,0.0,-0.0005690315939348,Crisis,1.5119225785448556,1.8101748054911868
2023-12-06,0.0,-0.0039138519449437,Crisis,1.5119225785448556,1.803090049308027
2023-12-07,0.00396830534241095,0.0079366106848219,Range Market,1.5179223489906069,1.8174004730590614
2023-12-08,0.0040871341465037,0.0040871341465037,Trend Market,1.5241263012549073,1.824828432590373
2023-12-11,0.0019584067738907,0.0039168135477814,Range Market,1.52711116052755,1.8319759453175197
2023-12-12,0.0022944063978462,0.0045888127956924,Range Market,1.530614974144487,1.8403825399767932
2023-12-13,0.0022726708042306,0.0135583451750198,Liquidity Expansion,1.5340935581087434,1.8653350817078784
2023-12-14,0.0026435651851544,0.0026435651851544,Trend Market,1.5381490344297293,1.8702662165885284
2023-12-15,-7.625240044859478e-05,-7.625240044859478e-05,Trend Market,1.5380317468736062,1.8701236043000355
2023-12-18,0.00225906113170025,0.0045181222634005,Range Market,1.5415062546122893,1.8785730513919343
2023-12-19,0.00292463372540945,0.0058492674508189,Range Market,1.546014595792458,1.8895613275954266
2023-12-20,-0.0073965739826528,-0.0147931479653056,Range Market,1.534579384456418,1.861608767286788
2023-12-21,0.0051243846536359,0.0102487693072718,Range Market,1.5424431595039125,1.8806879660831048
2023-12-22,0.001658682152761,0.001658682152761,Trend Market,1.54500158244423,1.8838074296473595
2023-12-25,0.0,0.0,Range Market,1.54500158244423,1.8838074296473595
2023-12-26,0.00211138052348925,0.0042227610469785,Range Market,1.548263668694163,1.891762298281283
2023-12-27,0.0114491006961663,0.0014294356164229,Liquidity Expansion,1.5659898953412585,1.894466450688252
2023-12-28,0.0003701061103271,0.0003701061103271,Trend Market,1.566569477770235,1.8951676042974617
2023-12-29,-0.0014152385183669,-0.0028304770367338,Range Market,1.5643524083035967,1.889803375912736
